create table sys_data_dict
(
    id          varchar(100) charset utf8 not null comment 'ID'
        primary key,
    dict_type   varchar(50) charset utf8  not null comment '字典类型',
    name        varchar(50) charset utf8  not null comment '字典名称',
    code        varchar(50) charset utf8  not null comment '字典编码',
    value       varchar(100) charset utf8 not null comment '字典值',
    sort        int                       not null comment '排序',
    parent_id   varchar(100) charset utf8 null comment '父类别ID',
    is_root     int default 0             not null comment '是否根结点',
    create_by   varchar(100) charset utf8 null comment '创建人',
    update_by   varchar(100) charset utf8 null comment '更新人',
    create_time datetime                  null comment '创建时间',
    update_time datetime                  null comment '更新时间',
    deleted     int default 0             null comment '是否删除'
)
    comment '数据字典表';

INSERT INTO jyadmin.sys_data_dict (id, dict_type, name, code, value, sort, parent_id, is_root, create_by, update_by, create_time, update_time, deleted) VALUES ('1512482682871775234', 'test', '测试数据字典', 'test', 'test', 0, null, 1, null, null, '2022-04-09 01:29:07', '2022-04-09 02:06:45', 0);
INSERT INTO jyadmin.sys_data_dict (id, dict_type, name, code, value, sort, parent_id, is_root, create_by, update_by, create_time, update_time, deleted) VALUES ('1512482798663925761', 'test', 'test1修改', 'test1', 'test1update', 0, '1512482682871775234', 0, null, null, '2022-04-09 01:29:34', '2022-04-09 02:06:45', 0);
INSERT INTO jyadmin.sys_data_dict (id, dict_type, name, code, value, sort, parent_id, is_root, create_by, update_by, create_time, update_time, deleted) VALUES ('1512482959033139201', 'test', 'test2', 'test2', 'test2', 0, '1512482682871775234', 0, null, null, '2022-04-09 01:30:13', '2022-04-09 02:06:45', 0);
INSERT INTO jyadmin.sys_data_dict (id, dict_type, name, code, value, sort, parent_id, is_root, create_by, update_by, create_time, update_time, deleted) VALUES ('1512482987751538689', 'test', 'test3', 'test3', 'test3', 0, '1512482682871775234', 0, null, null, '2022-04-09 01:30:20', '2022-04-09 02:06:45', 0);
INSERT INTO jyadmin.sys_data_dict (id, dict_type, name, code, value, sort, parent_id, is_root, create_by, update_by, create_time, update_time, deleted) VALUES ('1512483088574218242', 'test', 'test21', 'test21', 'test21', 0, '1512482959033139201', 0, null, null, '2022-04-09 01:30:44', '2022-04-09 02:06:45', 0);

create table sys_log
(
    id             varchar(100)  not null comment 'ID'
        primary key,
    handle_name    varchar(100)  null comment '操作名称',
    handle_desc    varchar(100)  null comment '操作描述',
    ip_address     varchar(100)  null comment 'ip地址',
    ip_area        varchar(100)  null comment '所属地区',
    browser        varchar(100)  null comment '浏览器',
    application    varchar(100)  null comment '设备',
    request_path   varchar(100)  null comment '请求路径',
    request_method varchar(500)  null comment '请求类型',
    request_param  text          null comment '请求参数',
    request_time   datetime      null comment '请求时间',
    method         varchar(100)  null comment '请求类方法',
    execute_status int           null comment '执行状态',
    execute_time   int           null comment '执行耗时',
    response_data  text          null comment '返回数据',
    error_desc     text          null comment '异常内容',
    username       varchar(100)  null comment '操作用户',
    create_by      varchar(100)  null comment '创建人',
    update_by      varchar(100)  null comment '更新人',
    create_time    datetime      null comment '创建时间',
    update_time    datetime      null comment '更新时间',
    deleted        int default 0 null comment '是否删除'
)
    comment '系统操作日志表';

INSERT INTO jyadmin.sys_log (id, handle_name, handle_desc, ip_address, ip_area, browser, application, request_path, request_method, request_param, request_time, method, execute_status, execute_time, response_data, error_desc, username, create_by, update_by, create_time, update_time, deleted) VALUES ('1520115480826744834', '系统管理：用户管理', '分页查询用户', '', '', '', '', '/api/user/query', 'GET', '[{"pageNumber":1,"pageSize":10}]', '2022-04-30 02:58:14', 'doQueryPage', 1, 6, '{"code":200,"hasNext":false,"hasPrevious":false,"msg":"操作成功","pageNumber":1,"pageSize":10,"pages":1,"records":[{"avatar":"111","createTime":"2022-04-15T15:45:52","deleted":0,"id":"1514872619925831681","nickname":"admin","password":"$2a$10$29/P1Keol8oiH6Js/DJiFeeFcNDKveDx8eCICYkUe1lWkLGF/QUhW","phone":"18750712757","status":1,"type":1,"updateTime":"2022-04-15T15:45:52","username":"admin"},{"createTime":"2022-04-19T22:49:52","deleted":0,"id":"1516428874412486658","nickname":"zhangsan","password":"$2a$10$SU3sGcd4zddR3kVq.BjeP.Ag65wJI6fFfP.hC50TodN3v8yOUx2Hy","phone":"1211212","status":0,"type":0,"updateTime":"2022-04-19T22:49:52","username":"zhangsan"}],"success":true,"total":2}', null, 'admin', '1514872619925831681', '1514872619925831681', '2022-04-30 02:59:09', '2022-04-30 02:59:09', 0);
INSERT INTO jyadmin.sys_log (id, handle_name, handle_desc, ip_address, ip_area, browser, application, request_path, request_method, request_param, request_time, method, execute_status, execute_time, response_data, error_desc, username, create_by, update_by, create_time, update_time, deleted) VALUES ('1520116570548867074', '系统管理：用户管理', '分页查询用户', '', '', '', '', '/api/user/query', 'GET', '[{"pageNumber":1,"pageSize":10}]', '2022-04-30 03:03:08', 'com.jyadmin.system.user.controller.UserController.doQueryPage', 1, 0, '{"code":200,"hasNext":false,"hasPrevious":false,"msg":"操作成功","pageNumber":1,"pageSize":10,"pages":1,"records":[{"avatar":"111","createTime":"2022-04-15T15:45:52","deleted":0,"id":"1514872619925831681","nickname":"admin","password":"$2a$10$29/P1Keol8oiH6Js/DJiFeeFcNDKveDx8eCICYkUe1lWkLGF/QUhW","phone":"18750712757","status":1,"type":1,"updateTime":"2022-04-15T15:45:52","username":"admin"},{"createTime":"2022-04-19T22:49:52","deleted":0,"id":"1516428874412486658","nickname":"zhangsan","password":"$2a$10$SU3sGcd4zddR3kVq.BjeP.Ag65wJI6fFfP.hC50TodN3v8yOUx2Hy","phone":"1211212","status":0,"type":0,"updateTime":"2022-04-19T22:49:52","username":"zhangsan"}],"success":true,"total":2}', null, 'admin', '1514872619925831681', '1514872619925831681', '2022-04-30 03:03:28', '2022-04-30 17:33:11', 1);
INSERT INTO jyadmin.sys_log (id, handle_name, handle_desc, ip_address, ip_area, browser, application, request_path, request_method, request_param, request_time, method, execute_status, execute_time, response_data, error_desc, username, create_by, update_by, create_time, update_time, deleted) VALUES ('1520326905100820481', '系统管理：用户管理', '分页查询用户', '192.168.16.1', '内网IP', 'Chrome 100.0.4896.127', 'Desktop', '/api/user/query', 'GET', '[{"nickname":"","pageNumber":1,"pageSize":10,"phone":"","username":""}]', '2022-04-30 16:59:15', 'com.jyadmin.system.user.controller.UserController.doQueryPage', 1, 0, '{"code":200,"hasNext":false,"hasPrevious":false,"msg":"操作成功","pageNumber":1,"pageSize":10,"pages":1,"records":[{"avatar":"111","createTime":"2022-04-15T15:45:52","deleted":0,"id":"1514872619925831681","nickname":"admin","password":"$2a$10$29/P1Keol8oiH6Js/DJiFeeFcNDKveDx8eCICYkUe1lWkLGF/QUhW","phone":"18750712757","status":1,"type":1,"updateTime":"2022-04-15T15:45:52","username":"admin"},{"createTime":"2022-04-19T22:49:52","deleted":0,"id":"1516428874412486658","nickname":"zhangsan","password":"$2a$10$SU3sGcd4zddR3kVq.BjeP.Ag65wJI6fFfP.hC50TodN3v8yOUx2Hy","phone":"1211212","status":0,"type":0,"updateTime":"2022-04-19T22:49:52","username":"zhangsan"}],"success":true,"total":2}', null, 'admin', '1514872619925831681', '1514872619925831681', '2022-04-30 16:59:15', '2022-04-30 16:59:15', 0);
INSERT INTO jyadmin.sys_log (id, handle_name, handle_desc, ip_address, ip_area, browser, application, request_path, request_method, request_param, request_time, method, execute_status, execute_time, response_data, error_desc, username, create_by, update_by, create_time, update_time, deleted) VALUES ('1520331598367621121', '系统管理：用户管理', '分页查询用户', '192.168.16.1', '内网IP', 'Chrome 100.0.4896.127', 'Desktop', '/api/user/query', 'GET', '[{"nickname":"","pageNumber":1,"pageSize":10,"phone":"","username":""}]', '2022-04-30 17:17:54', 'com.jyadmin.system.user.controller.UserController.doQueryPage', 1, 0, '{"code":200,"hasNext":false,"hasPrevious":false,"msg":"操作成功","pageNumber":1,"pageSize":10,"pages":1,"records":[{"avatar":"111","createTime":"2022-04-15T15:45:52","deleted":0,"id":"1514872619925831681","nickname":"admin","password":"$2a$10$29/P1Keol8oiH6Js/DJiFeeFcNDKveDx8eCICYkUe1lWkLGF/QUhW","phone":"18750712757","status":1,"type":1,"updateTime":"2022-04-15T15:45:52","username":"admin"},{"createTime":"2022-04-19T22:49:52","deleted":0,"id":"1516428874412486658","nickname":"zhangsan","password":"$2a$10$SU3sGcd4zddR3kVq.BjeP.Ag65wJI6fFfP.hC50TodN3v8yOUx2Hy","phone":"1211212","status":0,"type":0,"updateTime":"2022-04-19T22:49:52","username":"zhangsan"}],"success":true,"total":2}', null, 'admin', '1514872619925831681', '1514872619925831681', '2022-04-30 17:17:54', '2022-04-30 17:17:54', 0);
INSERT INTO jyadmin.sys_log (id, handle_name, handle_desc, ip_address, ip_area, browser, application, request_path, request_method, request_param, request_time, method, execute_status, execute_time, response_data, error_desc, username, create_by, update_by, create_time, update_time, deleted) VALUES ('1520331973376114690', '系统管理：用户管理', '分页查询用户', '192.168.16.1', '内网IP', 'Chrome 100.0.4896.127', 'Desktop', '/api/user/query', 'GET', '[{"nickname":"","pageNumber":1,"pageSize":10,"phone":"","username":""}]', '2022-04-30 17:19:23', 'com.jyadmin.system.user.controller.UserController.doQueryPage', 0, 0, '', 'java.lang.ArithmeticException: / by zero
	at com.jyadmin.system.user.controller.UserController.doQueryPage(UserController.java:85)
	at com.jyadmin.system.user.controller.UserController$$FastClassBySpringCGLIB$$1.invoke(<generated>)
	at org.springframework.cglib.proxy.MethodProxy.invoke(MethodProxy.java:218)
	at org.springframework.aop.framework.CglibAopProxy$CglibMethodInvocation.invokeJoinpoint(CglibAopProxy.java:783)
	at org.springframework.aop.framework.ReflectiveMethodInvocation.proceed(ReflectiveMethodInvocation.java:163)
	at org.springframework.aop.framework.CglibAopProxy$CglibMethodInvocation.proceed(CglibAopProxy.java:753)
	at org.springframework.aop.aspectj.MethodInvocationProceedingJoinPoint.proceed(MethodInvocationProceedingJoinPoint.java:89)
	at com.jyadmin.log.aspect.LogAspect.logAround(LogAspect.java:44)
	at java.base/jdk.internal.reflect.NativeMethodAccessorImpl.invoke0(Native Method)
	at java.base/jdk.internal.reflect.NativeMethodAccessorImpl.invoke(NativeMethodAccessorImpl.java:62)
	at java.base/jdk.internal.reflect.DelegatingMethodAccessorImpl.invoke(DelegatingMethodAccessorImpl.java:43)
	at java.base/java.lang.reflect.Method.invoke(Method.java:566)
	at org.springframework.aop.aspectj.AbstractAspectJAdvice.invokeAdviceMethodWithGivenArgs(AbstractAspectJAdvice.java:634)
	at org.springframework.aop.aspectj.AbstractAspectJAdvice.invokeAdviceMethod(AbstractAspectJAdvice.java:624)
	at org.springframework.aop.aspectj.AspectJAroundAdvice.invoke(AspectJAroundAdvice.java:72)
	at org.springframework.aop.framework.ReflectiveMethodInvocation.proceed(ReflectiveMethodInvocation.java:175)
	at org.springframework.aop.framework.CglibAopProxy$CglibMethodInvocation.proceed(CglibAopProxy.java:753)
	at org.springframework.aop.interceptor.ExposeInvocationInterceptor.invoke(ExposeInvocationInterceptor.java:97)
	at org.springframework.aop.framework.ReflectiveMethodInvocation.proceed(ReflectiveMethodInvocation.java:186)
	at org.springframework.aop.framework.CglibAopProxy$CglibMethodInvocation.proceed(CglibAopProxy.java:753)
	at org.springframework.aop.framework.CglibAopProxy$DynamicAdvisedInterceptor.intercept(CglibAopProxy.java:698)
	at com.jyadmin.system.user.controller.UserController$$EnhancerBySpringCGLIB$$1.doQueryPage(<generated>)
	at java.base/jdk.internal.reflect.NativeMethodAccessorImpl.invoke0(Native Method)
	at java.base/jdk.internal.reflect.NativeMethodAccessorImpl.invoke(NativeMethodAccessorImpl.java:62)
	at java.base/jdk.internal.reflect.DelegatingMethodAccessorImpl.invoke(DelegatingMethodAccessorImpl.java:43)
	at java.base/java.lang.reflect.Method.invoke(Method.java:566)
	at org.springframework.web.method.support.InvocableHandlerMethod.doInvoke(InvocableHandlerMethod.java:205)
	at org.springframework.web.method.support.InvocableHandlerMethod.invokeForRequest(InvocableHandlerMethod.java:150)
	at org.springframework.web.servlet.mvc.method.annotation.ServletInvocableHandlerMethod.invokeAndHandle(ServletInvocableHandlerMethod.java:117)
	at org.springframework.web.servlet.mvc.method.annotation.RequestMappingHandlerAdapter.invokeHandlerMethod(RequestMappingHandlerAdapter.java:895)
	at org.springframework.web.servlet.mvc.method.annotation.RequestMappingHandlerAdapter.handleInternal(RequestMappingHandlerAdapter.java:808)
	at org.springframework.web.servlet.mvc.method.AbstractHandlerMethodAdapter.handle(AbstractHandlerMethodAdapter.java:87)
	at org.springframework.web.servlet.DispatcherServlet.doDispatch(DispatcherServlet.java:1067)
	at org.springframework.web.servlet.DispatcherServlet.doService(DispatcherServlet.java:963)
	at org.springframework.web.servlet.FrameworkServlet.processRequest(FrameworkServlet.java:1006)
	at org.springframework.web.servlet.FrameworkServlet.doGet(FrameworkServlet.java:898)
	at javax.servlet.http.HttpServlet.service(HttpServlet.java:655)
	at org.springframework.web.servlet.FrameworkServlet.service(FrameworkServlet.java:883)
	at javax.servlet.http.HttpServlet.service(HttpServlet.java:764)
	at org.apache.catalina.core.ApplicationFilterChain.internalDoFilter(ApplicationFilterChain.java:227)
	at org.apache.catalina.core.ApplicationFilterChain.doFilter(ApplicationFilterChain.java:162)
	at org.apache.tomcat.websocket.server.WsFilter.doFilter(WsFilter.java:53)
	at org.apache.catalina.core.ApplicationFilterChain.internalDoFilter(ApplicationFilterChain.java:189)
	at org.apache.catalina.core.ApplicationFilterChain.doFilter(ApplicationFilterChain.java:162)
	at org.springframework.security.web.authentication.AbstractAuthenticationProcessingFilter.doFilter(AbstractAuthenticationProcessingFilter.java:218)
	at org.springframework.security.web.authentication.AbstractAuthenticationProcessingFilter.doFilter(AbstractAuthenticationProcessingFilter.java:212)
	at org.apache.catalina.core.ApplicationFilterChain.internalDoFilter(ApplicationFilterChain.java:189)
	at org.apache.catalina.core.ApplicationFilterChain.doFilter(ApplicationFilterChain.java:162)
	at org.springframework.web.filter.OncePerRequestFilter.doFilter(OncePerRequestFilter.java:111)
	at org.apache.catalina.core.ApplicationFilterChain.internalDoFilter(ApplicationFilterChain.java:189)
	at org.apache.catalina.core.ApplicationFilterChain.doFilter(ApplicationFilterChain.java:162)
	at org.springframework.security.web.FilterChainProxy$VirtualFilterChain.doFilter(FilterChainProxy.java:327)
	at org.springframework.security.web.access.intercept.FilterSecurityInterceptor.invoke(FilterSecurityInterceptor.java:115)
	at org.springframework.security.web.access.intercept.FilterSecurityInterceptor.doFilter(FilterSecurityInterceptor.java:81)
	at org.springframework.security.web.FilterChainProxy$VirtualFilterChain.doFilter(FilterChainProxy.java:336)
	at org.springframework.security.web.access.ExceptionTranslationFilter.doFilter(ExceptionTranslationFilter.java:121)
	at org.springframework.security.web.access.ExceptionTranslationFilter.doFilter(ExceptionTranslationFilter.java:115)
	at org.springframework.security.web.FilterChainProxy$VirtualFilterChain.doFilter(FilterChainProxy.java:336)
	at org.springframework.security.web.session.SessionManagementFilter.doFilter(SessionManagementFilter.java:126)
	at org.springframework.security.web.session.SessionManagementFilter.doFilter(SessionManagementFilter.java:81)
	at org.springframework.security.web.FilterChainProxy$VirtualFilterChain.doFilter(FilterChainProxy.java:336)
	at org.springframework.security.web.authentication.AnonymousAuthenticationFilter.doFilter(AnonymousAuthenticationFilter.java:105)
	at org.springframework.security.web.FilterChainProxy$VirtualFilterChain.doFilter(FilterChainProxy.java:336)
	at org.springframework.security.web.servletapi.SecurityContextHolderAwareRequestFilter.doFilter(SecurityContextHolderAwareRequestFilter.java:149)
	at org.springframework.security.web.FilterChainProxy$VirtualFilterChain.doFilter(FilterChainProxy.java:336)
	at org.springframework.security.web.savedrequest.RequestCacheAwareFilter.doFilter(RequestCacheAwareFilter.java:63)
	at org.springframework.security.web.FilterChainProxy$VirtualFilterChain.doFilter(FilterChainProxy.java:336)
	at org.springframework.security.web.authentication.AbstractAuthenticationProcessingFilter.doFilter(AbstractAuthenticationProcessingFilter.java:218)
	at org.springframework.security.web.authentication.AbstractAuthenticationProcessingFilter.doFilter(AbstractAuthenticationProcessingFilter.java:212)
	at org.springframework.security.web.FilterChainProxy$VirtualFilterChain.doFilter(FilterChainProxy.java:336)
	at com.jyadmin.security.filter.TokenAuthenticationFilter.doFilterInternal(TokenAuthenticationFilter.java:53)
	at org.springframework.web.filter.OncePerRequestFilter.doFilter(OncePerRequestFilter.java:117)
	at org.springframework.security.web.FilterChainProxy$VirtualFilterChain.doFilter(FilterChainProxy.java:336)
	at org.springframework.security.web.authentication.logout.LogoutFilter.doFilter(LogoutFilter.java:103)
	at org.springframework.security.web.authentication.logout.LogoutFilter.doFilter(LogoutFilter.java:89)
	at org.springframework.security.web.FilterChainProxy$VirtualFilterChain.doFilter(FilterChainProxy.java:336)
	at org.springframework.security.web.header.HeaderWriterFilter.doHeadersAfter(HeaderWriterFilter.java:90)
	at org.springframework.security.web.header.HeaderWriterFilter.doFilterInternal(HeaderWriterFilter.java:75)
	at org.springframework.web.filter.OncePerRequestFilter.doFilter(OncePerRequestFilter.java:117)
	at org.springframework.security.web.FilterChainProxy$VirtualFilterChain.doFilter(FilterChainProxy.java:336)
	at org.springframework.security.web.context.SecurityContextPersistenceFilter.doFilter(SecurityContextPersistenceFilter.java:110)
	at org.springframework.security.web.context.SecurityContextPersistenceFilter.doFilter(SecurityContextPersistenceFilter.java:80)
	at org.springframework.security.web.FilterChainProxy$VirtualFilterChain.doFilter(FilterChainProxy.java:336)
	at org.springframework.security.web.context.request.async.WebAsyncManagerIntegrationFilter.doFilterInternal(WebAsyncManagerIntegrationFilter.java:55)
	at org.springframework.web.filter.OncePerRequestFilter.doFilter(OncePerRequestFilter.java:117)
	at org.springframework.security.web.FilterChainProxy$VirtualFilterChain.doFilter(FilterChainProxy.java:336)
	at org.springframework.security.web.FilterChainProxy.doFilterInternal(FilterChainProxy.java:211)
	at org.springframework.security.web.FilterChainProxy.doFilter(FilterChainProxy.java:183)
	at org.springframework.web.filter.DelegatingFilterProxy.invokeDelegate(DelegatingFilterProxy.java:354)
	at org.springframework.web.filter.DelegatingFilterProxy.doFilter(DelegatingFilterProxy.java:267)
	at org.apache.catalina.core.ApplicationFilterChain.internalDoFilter(ApplicationFilterChain.java:189)
	at org.apache.catalina.core.ApplicationFilterChain.doFilter(ApplicationFilterChain.java:162)
	at org.springframework.web.filter.RequestContextFilter.doFilterInternal(RequestContextFilter.java:100)
	at org.springframework.web.filter.OncePerRequestFilter.doFilter(OncePerRequestFilter.java:117)
	at org.apache.catalina.core.ApplicationFilterChain.internalDoFilter(ApplicationFilterChain.java:189)
	at org.apache.catalina.core.ApplicationFilterChain.doFilter(ApplicationFilterChain.java:162)
	at org.springframework.web.filter.FormContentFilter.doFilterInternal(FormContentFilter.java:93)
	at org.springframework.web.filter.OncePerRequestFilter.doFilter(OncePerRequestFilter.java:117)
	at org.apache.catalina.core.ApplicationFilterChain.internalDoFilter(ApplicationFilterChain.java:189)
	at org.apache.catalina.core.ApplicationFilterChain.doFilter(ApplicationFilterChain.java:162)
	at org.springframework.boot.actuate.metrics.web.servlet.WebMvcMetricsFilter.doFilterInternal(WebMvcMetricsFilter.java:96)
	at org.springframework.web.filter.OncePerRequestFilter.doFilter(OncePerRequestFilter.java:117)
	at org.apache.catalina.core.ApplicationFilterChain.internalDoFilter(ApplicationFilterChain.java:189)
	at org.apache.catalina.core.ApplicationFilterChain.doFilter(ApplicationFilterChain.java:162)
	at org.springframework.web.filter.CharacterEncodingFilter.doFilterInternal(CharacterEncodingFilter.java:201)
	at org.springframework.web.filter.OncePerRequestFilter.doFilter(OncePerRequestFilter.java:117)
	at org.apache.catalina.core.ApplicationFilterChain.internalDoFilter(ApplicationFilterChain.java:189)
	at org.apache.catalina.core.ApplicationFilterChain.doFilter(ApplicationFilterChain.java:162)
	at org.apache.catalina.core.StandardWrapperValve.invoke(StandardWrapperValve.java:197)
	at org.apache.catalina.core.StandardContextValve.__invoke(StandardContextValve.java:97)
	at org.apache.catalina.core.StandardContextValve.invoke(StandardContextValve.java:41002)
	at org.apache.catalina.authenticator.AuthenticatorBase.invoke(AuthenticatorBase.java:541)
	at org.apache.catalina.core.StandardHostValve.invoke(StandardHostValve.java:135)
	at org.apache.catalina.valves.ErrorReportValve.invoke(ErrorReportValve.java:92)
	at org.apache.catalina.core.StandardEngineValve.invoke(StandardEngineValve.java:78)
	at org.apache.catalina.connector.CoyoteAdapter.service(CoyoteAdapter.java:360)
	at org.apache.coyote.http11.Http11Processor.service(Http11Processor.java:399)
	at org.apache.coyote.AbstractProcessorLight.process(AbstractProcessorLight.java:65)
	at org.apache.coyote.AbstractProtocol$ConnectionHandler.process(AbstractProtocol.java:889)
	at org.apache.tomcat.util.net.NioEndpoint$SocketProcessor.doRun(NioEndpoint.java:1743)
	at org.apache.tomcat.util.net.SocketProcessorBase.run(SocketProcessorBase.java:49)
	at org.apache.tomcat.util.threads.ThreadPoolExecutor.runWorker(ThreadPoolExecutor.java:1191)
	at org.apache.tomcat.util.threads.ThreadPoolExecutor$Worker.run(ThreadPoolExecutor.java:659)
	at org.apache.tomcat.util.threads.TaskThread$WrappingRunnable.run(TaskThread.java:61)
	at java.base/java.lang.Thread.run(Thread.java:834)
', 'admin', '1514872619925831681', '1514872619925831681', '2022-04-30 17:19:24', '2022-04-30 17:19:24', 0);
INSERT INTO jyadmin.sys_log (id, handle_name, handle_desc, ip_address, ip_area, browser, application, request_path, request_method, request_param, request_time, method, execute_status, execute_time, response_data, error_desc, username, create_by, update_by, create_time, update_time, deleted) VALUES ('1520332545290436610', '系统管理：用户管理', '分页查询用户', '192.168.16.1', '内网IP', 'Chrome 100.0.4896.127', 'Desktop', '/api/user/query', 'GET', '[{"nickname":"","pageNumber":1,"pageSize":10,"phone":"","username":""}]', '2022-04-30 17:21:40', 'com.jyadmin.system.user.controller.UserController.doQueryPage', 0, 0, '""', 'java.lang.ArithmeticException: / by zero
	at com.jyadmin.system.user.controller.UserController.doQueryPage(UserController.java:85)
	at com.jyadmin.system.user.controller.UserController$$FastClassBySpringCGLIB$$1.invoke(<generated>)
	at org.springframework.cglib.proxy.MethodProxy.invoke(MethodProxy.java:218)
	at org.springframework.aop.framework.CglibAopProxy$CglibMethodInvocation.invokeJoinpoint(CglibAopProxy.java:783)
	at org.springframework.aop.framework.ReflectiveMethodInvocation.proceed(ReflectiveMethodInvocation.java:163)
	at org.springframework.aop.framework.CglibAopProxy$CglibMethodInvocation.proceed(CglibAopProxy.java:753)
	at org.springframework.aop.aspectj.MethodInvocationProceedingJoinPoint.proceed(MethodInvocationProceedingJoinPoint.java:89)
	at com.jyadmin.log.aspect.LogAspect.logAround(LogAspect.java:44)
	at java.base/jdk.internal.reflect.NativeMethodAccessorImpl.invoke0(Native Method)
	at java.base/jdk.internal.reflect.NativeMethodAccessorImpl.invoke(NativeMethodAccessorImpl.java:62)
	at java.base/jdk.internal.reflect.DelegatingMethodAccessorImpl.invoke(DelegatingMethodAccessorImpl.java:43)
	at java.base/java.lang.reflect.Method.invoke(Method.java:566)
	at org.springframework.aop.aspectj.AbstractAspectJAdvice.invokeAdviceMethodWithGivenArgs(AbstractAspectJAdvice.java:634)
	at org.springframework.aop.aspectj.AbstractAspectJAdvice.invokeAdviceMethod(AbstractAspectJAdvice.java:624)
	at org.springframework.aop.aspectj.AspectJAroundAdvice.invoke(AspectJAroundAdvice.java:72)
	at org.springframework.aop.framework.ReflectiveMethodInvocation.proceed(ReflectiveMethodInvocation.java:175)
	at org.springframework.aop.framework.CglibAopProxy$CglibMethodInvocation.proceed(CglibAopProxy.java:753)
	at org.springframework.aop.interceptor.ExposeInvocationInterceptor.invoke(ExposeInvocationInterceptor.java:97)
	at org.springframework.aop.framework.ReflectiveMethodInvocation.proceed(ReflectiveMethodInvocation.java:186)
	at org.springframework.aop.framework.CglibAopProxy$CglibMethodInvocation.proceed(CglibAopProxy.java:753)
	at org.springframework.aop.framework.CglibAopProxy$DynamicAdvisedInterceptor.intercept(CglibAopProxy.java:698)
	at com.jyadmin.system.user.controller.UserController$$EnhancerBySpringCGLIB$$1.doQueryPage(<generated>)
	at java.base/jdk.internal.reflect.NativeMethodAccessorImpl.invoke0(Native Method)
	at java.base/jdk.internal.reflect.NativeMethodAccessorImpl.invoke(NativeMethodAccessorImpl.java:62)
	at java.base/jdk.internal.reflect.DelegatingMethodAccessorImpl.invoke(DelegatingMethodAccessorImpl.java:43)
	at java.base/java.lang.reflect.Method.invoke(Method.java:566)
	at org.springframework.web.method.support.InvocableHandlerMethod.doInvoke(InvocableHandlerMethod.java:205)
	at org.springframework.web.method.support.InvocableHandlerMethod.invokeForRequest(InvocableHandlerMethod.java:150)
	at org.springframework.web.servlet.mvc.method.annotation.ServletInvocableHandlerMethod.invokeAndHandle(ServletInvocableHandlerMethod.java:117)
	at org.springframework.web.servlet.mvc.method.annotation.RequestMappingHandlerAdapter.invokeHandlerMethod(RequestMappingHandlerAdapter.java:895)
	at org.springframework.web.servlet.mvc.method.annotation.RequestMappingHandlerAdapter.handleInternal(RequestMappingHandlerAdapter.java:808)
	at org.springframework.web.servlet.mvc.method.AbstractHandlerMethodAdapter.handle(AbstractHandlerMethodAdapter.java:87)
	at org.springframework.web.servlet.DispatcherServlet.doDispatch(DispatcherServlet.java:1067)
	at org.springframework.web.servlet.DispatcherServlet.doService(DispatcherServlet.java:963)
	at org.springframework.web.servlet.FrameworkServlet.processRequest(FrameworkServlet.java:1006)
	at org.springframework.web.servlet.FrameworkServlet.doGet(FrameworkServlet.java:898)
	at javax.servlet.http.HttpServlet.service(HttpServlet.java:655)
	at org.springframework.web.servlet.FrameworkServlet.service(FrameworkServlet.java:883)
	at javax.servlet.http.HttpServlet.service(HttpServlet.java:764)
	at org.apache.catalina.core.ApplicationFilterChain.internalDoFilter(ApplicationFilterChain.java:227)
	at org.apache.catalina.core.ApplicationFilterChain.doFilter(ApplicationFilterChain.java:162)
	at org.apache.tomcat.websocket.server.WsFilter.doFilter(WsFilter.java:53)
	at org.apache.catalina.core.ApplicationFilterChain.internalDoFilter(ApplicationFilterChain.java:189)
	at org.apache.catalina.core.ApplicationFilterChain.doFilter(ApplicationFilterChain.java:162)
	at org.springframework.security.web.authentication.AbstractAuthenticationProcessingFilter.doFilter(AbstractAuthenticationProcessingFilter.java:218)
	at org.springframework.security.web.authentication.AbstractAuthenticationProcessingFilter.doFilter(AbstractAuthenticationProcessingFilter.java:212)
	at org.apache.catalina.core.ApplicationFilterChain.internalDoFilter(ApplicationFilterChain.java:189)
	at org.apache.catalina.core.ApplicationFilterChain.doFilter(ApplicationFilterChain.java:162)
	at org.springframework.web.filter.OncePerRequestFilter.doFilter(OncePerRequestFilter.java:111)
	at org.apache.catalina.core.ApplicationFilterChain.internalDoFilter(ApplicationFilterChain.java:189)
	at org.apache.catalina.core.ApplicationFilterChain.doFilter(ApplicationFilterChain.java:162)
	at org.springframework.security.web.FilterChainProxy$VirtualFilterChain.doFilter(FilterChainProxy.java:327)
	at org.springframework.security.web.access.intercept.FilterSecurityInterceptor.invoke(FilterSecurityInterceptor.java:115)
	at org.springframework.security.web.access.intercept.FilterSecurityInterceptor.doFilter(FilterSecurityInterceptor.java:81)
	at org.springframework.security.web.FilterChainProxy$VirtualFilterChain.doFilter(FilterChainProxy.java:336)
	at org.springframework.security.web.access.ExceptionTranslationFilter.doFilter(ExceptionTranslationFilter.java:121)
	at org.springframework.security.web.access.ExceptionTranslationFilter.doFilter(ExceptionTranslationFilter.java:115)
	at org.springframework.security.web.FilterChainProxy$VirtualFilterChain.doFilter(FilterChainProxy.java:336)
	at org.springframework.security.web.session.SessionManagementFilter.doFilter(SessionManagementFilter.java:126)
	at org.springframework.security.web.session.SessionManagementFilter.doFilter(SessionManagementFilter.java:81)
	at org.springframework.security.web.FilterChainProxy$VirtualFilterChain.doFilter(FilterChainProxy.java:336)
	at org.springframework.security.web.authentication.AnonymousAuthenticationFilter.doFilter(AnonymousAuthenticationFilter.java:105)
	at org.springframework.security.web.FilterChainProxy$VirtualFilterChain.doFilter(FilterChainProxy.java:336)
	at org.springframework.security.web.servletapi.SecurityContextHolderAwareRequestFilter.doFilter(SecurityContextHolderAwareRequestFilter.java:149)
	at org.springframework.security.web.FilterChainProxy$VirtualFilterChain.doFilter(FilterChainProxy.java:336)
	at org.springframework.security.web.savedrequest.RequestCacheAwareFilter.doFilter(RequestCacheAwareFilter.java:63)
	at org.springframework.security.web.FilterChainProxy$VirtualFilterChain.doFilter(FilterChainProxy.java:336)
	at org.springframework.security.web.authentication.AbstractAuthenticationProcessingFilter.doFilter(AbstractAuthenticationProcessingFilter.java:218)
	at org.springframework.security.web.authentication.AbstractAuthenticationProcessingFilter.doFilter(AbstractAuthenticationProcessingFilter.java:212)
	at org.springframework.security.web.FilterChainProxy$VirtualFilterChain.doFilter(FilterChainProxy.java:336)
	at com.jyadmin.security.filter.TokenAuthenticationFilter.doFilterInternal(TokenAuthenticationFilter.java:53)
	at org.springframework.web.filter.OncePerRequestFilter.doFilter(OncePerRequestFilter.java:117)
	at org.springframework.security.web.FilterChainProxy$VirtualFilterChain.doFilter(FilterChainProxy.java:336)
	at org.springframework.security.web.authentication.logout.LogoutFilter.doFilter(LogoutFilter.java:103)
	at org.springframework.security.web.authentication.logout.LogoutFilter.doFilter(LogoutFilter.java:89)
	at org.springframework.security.web.FilterChainProxy$VirtualFilterChain.doFilter(FilterChainProxy.java:336)
	at org.springframework.security.web.header.HeaderWriterFilter.doHeadersAfter(HeaderWriterFilter.java:90)
	at org.springframework.security.web.header.HeaderWriterFilter.doFilterInternal(HeaderWriterFilter.java:75)
	at org.springframework.web.filter.OncePerRequestFilter.doFilter(OncePerRequestFilter.java:117)
	at org.springframework.security.web.FilterChainProxy$VirtualFilterChain.doFilter(FilterChainProxy.java:336)
	at org.springframework.security.web.context.SecurityContextPersistenceFilter.doFilter(SecurityContextPersistenceFilter.java:110)
	at org.springframework.security.web.context.SecurityContextPersistenceFilter.doFilter(SecurityContextPersistenceFilter.java:80)
	at org.springframework.security.web.FilterChainProxy$VirtualFilterChain.doFilter(FilterChainProxy.java:336)
	at org.springframework.security.web.context.request.async.WebAsyncManagerIntegrationFilter.doFilterInternal(WebAsyncManagerIntegrationFilter.java:55)
	at org.springframework.web.filter.OncePerRequestFilter.doFilter(OncePerRequestFilter.java:117)
	at org.springframework.security.web.FilterChainProxy$VirtualFilterChain.doFilter(FilterChainProxy.java:336)
	at org.springframework.security.web.FilterChainProxy.doFilterInternal(FilterChainProxy.java:211)
	at org.springframework.security.web.FilterChainProxy.doFilter(FilterChainProxy.java:183)
	at org.springframework.web.filter.DelegatingFilterProxy.invokeDelegate(DelegatingFilterProxy.java:354)
	at org.springframework.web.filter.DelegatingFilterProxy.doFilter(DelegatingFilterProxy.java:267)
	at org.apache.catalina.core.ApplicationFilterChain.internalDoFilter(ApplicationFilterChain.java:189)
	at org.apache.catalina.core.ApplicationFilterChain.doFilter(ApplicationFilterChain.java:162)
	at org.springframework.web.filter.RequestContextFilter.doFilterInternal(RequestContextFilter.java:100)
	at org.springframework.web.filter.OncePerRequestFilter.doFilter(OncePerRequestFilter.java:117)
	at org.apache.catalina.core.ApplicationFilterChain.internalDoFilter(ApplicationFilterChain.java:189)
	at org.apache.catalina.core.ApplicationFilterChain.doFilter(ApplicationFilterChain.java:162)
	at org.springframework.web.filter.FormContentFilter.doFilterInternal(FormContentFilter.java:93)
	at org.springframework.web.filter.OncePerRequestFilter.doFilter(OncePerRequestFilter.java:117)
	at org.apache.catalina.core.ApplicationFilterChain.internalDoFilter(ApplicationFilterChain.java:189)
	at org.apache.catalina.core.ApplicationFilterChain.doFilter(ApplicationFilterChain.java:162)
	at org.springframework.boot.actuate.metrics.web.servlet.WebMvcMetricsFilter.doFilterInternal(WebMvcMetricsFilter.java:96)
	at org.springframework.web.filter.OncePerRequestFilter.doFilter(OncePerRequestFilter.java:117)
	at org.apache.catalina.core.ApplicationFilterChain.internalDoFilter(ApplicationFilterChain.java:189)
	at org.apache.catalina.core.ApplicationFilterChain.doFilter(ApplicationFilterChain.java:162)
	at org.springframework.web.filter.CharacterEncodingFilter.doFilterInternal(CharacterEncodingFilter.java:201)
	at org.springframework.web.filter.OncePerRequestFilter.doFilter(OncePerRequestFilter.java:117)
	at org.apache.catalina.core.ApplicationFilterChain.internalDoFilter(ApplicationFilterChain.java:189)
	at org.apache.catalina.core.ApplicationFilterChain.doFilter(ApplicationFilterChain.java:162)
	at org.apache.catalina.core.StandardWrapperValve.invoke(StandardWrapperValve.java:197)
	at org.apache.catalina.core.StandardContextValve.__invoke(StandardContextValve.java:97)
	at org.apache.catalina.core.StandardContextValve.invoke(StandardContextValve.java:41002)
	at org.apache.catalina.authenticator.AuthenticatorBase.invoke(AuthenticatorBase.java:541)
	at org.apache.catalina.core.StandardHostValve.invoke(StandardHostValve.java:135)
	at org.apache.catalina.valves.ErrorReportValve.invoke(ErrorReportValve.java:92)
	at org.apache.catalina.core.StandardEngineValve.invoke(StandardEngineValve.java:78)
	at org.apache.catalina.connector.CoyoteAdapter.service(CoyoteAdapter.java:360)
	at org.apache.coyote.http11.Http11Processor.service(Http11Processor.java:399)
	at org.apache.coyote.AbstractProcessorLight.process(AbstractProcessorLight.java:65)
	at org.apache.coyote.AbstractProtocol$ConnectionHandler.process(AbstractProtocol.java:889)
	at org.apache.tomcat.util.net.NioEndpoint$SocketProcessor.doRun(NioEndpoint.java:1743)
	at org.apache.tomcat.util.net.SocketProcessorBase.run(SocketProcessorBase.java:49)
	at org.apache.tomcat.util.threads.ThreadPoolExecutor.runWorker(ThreadPoolExecutor.java:1191)
	at org.apache.tomcat.util.threads.ThreadPoolExecutor$Worker.run(ThreadPoolExecutor.java:659)
	at org.apache.tomcat.util.threads.TaskThread$WrappingRunnable.run(TaskThread.java:61)
	at java.base/java.lang.Thread.run(Thread.java:834)
', 'admin', '1514872619925831681', '1514872619925831681', '2022-04-30 17:21:40', '2022-04-30 17:21:40', 0);
INSERT INTO jyadmin.sys_log (id, handle_name, handle_desc, ip_address, ip_area, browser, application, request_path, request_method, request_param, request_time, method, execute_status, execute_time, response_data, error_desc, username, create_by, update_by, create_time, update_time, deleted) VALUES ('1520693041332088834', '系统管理：用户管理', '分页查询用户', '192.168.16.1', '内网IP', 'Chrome 100.0.4896.127', 'Desktop', '/api/user/query', 'GET', '[{"nickname":"","pageNumber":1,"pageSize":10,"phone":"","username":""}]', '2022-05-01 17:14:09', 'com.jyadmin.system.user.controller.UserController.doQueryPage', 1, 0, '{"code":200,"hasNext":false,"hasPrevious":false,"msg":"操作成功","pageNumber":1,"pageSize":10,"pages":1,"records":[{"avatar":"111","createTime":"2022-04-15T15:45:52","deleted":0,"id":"1514872619925831681","nickname":"admin","password":"$2a$10$CMZhRcOTLIShDm83rvOb2eI0WiJdhN4nKBH9fgrnoZYcH7J80mKA2","phone":"18750712757","status":1,"type":1,"updateBy":"1514872619925831681","updateTime":"2022-04-15T15:45:52","username":"admin"},{"createTime":"2022-04-19T22:49:52","deleted":0,"id":"1516428874412486658","nickname":"zhangsan","password":"$2a$10$SU3sGcd4zddR3kVq.BjeP.Ag65wJI6fFfP.hC50TodN3v8yOUx2Hy","phone":"1211212","status":0,"type":0,"updateTime":"2022-04-19T22:49:52","username":"zhangsan"}],"success":true,"total":2}', null, 'admin', '1514872619925831681', '1514872619925831681', '2022-05-01 17:14:09', '2022-05-01 17:14:09', 0);
INSERT INTO jyadmin.sys_log (id, handle_name, handle_desc, ip_address, ip_area, browser, application, request_path, request_method, request_param, request_time, method, execute_status, execute_time, response_data, error_desc, username, create_by, update_by, create_time, update_time, deleted) VALUES ('1520693195493732353', '系统管理：用户管理', '分页查询用户', '192.168.16.1', '内网IP', 'Chrome 100.0.4896.127', 'Desktop', '/api/user/query', 'GET', '[{"nickname":"","pageNumber":1,"pageSize":10,"phone":"","username":""}]', '2022-05-01 17:14:46', 'com.jyadmin.system.user.controller.UserController.doQueryPage', 1, 0, '{"code":200,"hasNext":false,"hasPrevious":false,"msg":"操作成功","pageNumber":1,"pageSize":10,"pages":1,"records":[{"avatar":"111","createTime":"2022-04-15T15:45:52","deleted":0,"id":"1514872619925831681","nickname":"admin","password":"$2a$10$CMZhRcOTLIShDm83rvOb2eI0WiJdhN4nKBH9fgrnoZYcH7J80mKA2","phone":"18750712757","status":1,"type":1,"updateBy":"1514872619925831681","updateTime":"2022-04-15T15:45:52","username":"admin"},{"createTime":"2022-04-19T22:49:52","deleted":0,"id":"1516428874412486658","nickname":"zhangsan","password":"$2a$10$SU3sGcd4zddR3kVq.BjeP.Ag65wJI6fFfP.hC50TodN3v8yOUx2Hy","phone":"1211212","status":0,"type":0,"updateTime":"2022-04-19T22:49:52","username":"zhangsan"}],"success":true,"total":2}', null, 'admin', '1514872619925831681', '1514872619925831681', '2022-05-01 17:14:46', '2022-05-01 17:14:46', 0);
INSERT INTO jyadmin.sys_log (id, handle_name, handle_desc, ip_address, ip_area, browser, application, request_path, request_method, request_param, request_time, method, execute_status, execute_time, response_data, error_desc, username, create_by, update_by, create_time, update_time, deleted) VALUES ('1520694367440990209', '系统管理：用户管理', '分页查询用户', '192.168.16.1', '内网IP', 'Chrome 100.0.4896.127', 'Desktop', '/api/user/query', 'GET', '[{"nickname":"","pageNumber":1,"pageSize":10,"phone":"","username":""}]', '2022-05-01 17:19:25', 'com.jyadmin.system.user.controller.UserController.doQueryPage', 1, 0, '{"code":200,"hasNext":false,"hasPrevious":false,"msg":"操作成功","pageNumber":1,"pageSize":10,"pages":1,"records":[{"avatar":"111","createTime":"2022-04-15T15:45:52","deleted":0,"id":"1514872619925831681","nickname":"admin","password":"$2a$10$CMZhRcOTLIShDm83rvOb2eI0WiJdhN4nKBH9fgrnoZYcH7J80mKA2","phone":"18750712757","status":1,"type":1,"updateBy":"1514872619925831681","updateTime":"2022-04-15T15:45:52","username":"admin"},{"createTime":"2022-04-19T22:49:52","deleted":0,"id":"1516428874412486658","nickname":"zhangsan","password":"$2a$10$SU3sGcd4zddR3kVq.BjeP.Ag65wJI6fFfP.hC50TodN3v8yOUx2Hy","phone":"1211212","status":0,"type":0,"updateTime":"2022-04-19T22:49:52","username":"zhangsan"}],"success":true,"total":2}', null, 'admin', '1514872619925831681', '1514872619925831681', '2022-05-01 17:19:25', '2022-05-01 17:19:25', 0);
INSERT INTO jyadmin.sys_log (id, handle_name, handle_desc, ip_address, ip_area, browser, application, request_path, request_method, request_param, request_time, method, execute_status, execute_time, response_data, error_desc, username, create_by, update_by, create_time, update_time, deleted) VALUES ('1520694478971727873', '系统管理：用户管理', '分页查询用户', '192.168.16.1', '内网IP', 'Chrome 100.0.4896.127', 'Desktop', '/api/user/query', 'GET', '[{"nickname":"","pageNumber":1,"pageSize":10,"phone":"","username":""}]', '2022-05-01 17:19:52', 'com.jyadmin.system.user.controller.UserController.doQueryPage', 1, 0, '{"code":200,"hasNext":false,"hasPrevious":false,"msg":"操作成功","pageNumber":1,"pageSize":10,"pages":1,"records":[{"avatar":"111","createTime":"2022-04-15T15:45:52","deleted":0,"id":"1514872619925831681","nickname":"admin","password":"$2a$10$CMZhRcOTLIShDm83rvOb2eI0WiJdhN4nKBH9fgrnoZYcH7J80mKA2","phone":"18750712757","status":1,"type":1,"updateBy":"1514872619925831681","updateTime":"2022-04-15T15:45:52","username":"admin"},{"createTime":"2022-04-19T22:49:52","deleted":0,"id":"1516428874412486658","nickname":"zhangsan","password":"$2a$10$SU3sGcd4zddR3kVq.BjeP.Ag65wJI6fFfP.hC50TodN3v8yOUx2Hy","phone":"1211212","status":0,"type":0,"updateTime":"2022-04-19T22:49:52","username":"zhangsan"}],"success":true,"total":2}', null, 'admin', '1514872619925831681', '1514872619925831681', '2022-05-01 17:19:52', '2022-05-01 17:19:52', 0);
INSERT INTO jyadmin.sys_log (id, handle_name, handle_desc, ip_address, ip_area, browser, application, request_path, request_method, request_param, request_time, method, execute_status, execute_time, response_data, error_desc, username, create_by, update_by, create_time, update_time, deleted) VALUES ('1520808558717956098', '系统管理：用户管理', '分页查询用户', '192.168.16.1', '内网IP', 'Chrome 100.0.4896.127', 'Desktop', '/api/user/query', 'GET', '[{"nickname":"","pageNumber":1,"pageSize":10,"phone":"","username":""}]', '2022-05-02 00:53:10', 'com.jyadmin.system.user.controller.UserController.doQueryPage', 1, 0, '{"code":200,"hasNext":false,"hasPrevious":false,"msg":"操作成功","pageNumber":1,"pageSize":10,"pages":1,"records":[{"avatar":"111","createTime":"2022-04-15T15:45:52","deleted":0,"id":"1514872619925831681","nickname":"admin","password":"$2a$10$CMZhRcOTLIShDm83rvOb2eI0WiJdhN4nKBH9fgrnoZYcH7J80mKA2","phone":"18750712757","status":1,"type":1,"updateBy":"1514872619925831681","updateTime":"2022-04-15T15:45:52","username":"admin"},{"createTime":"2022-04-19T22:49:52","deleted":0,"id":"1516428874412486658","nickname":"zhangsan","password":"$2a$10$SU3sGcd4zddR3kVq.BjeP.Ag65wJI6fFfP.hC50TodN3v8yOUx2Hy","phone":"1211212","status":0,"type":0,"updateTime":"2022-04-19T22:49:52","username":"zhangsan"}],"success":true,"total":2}', null, 'admin', '1514872619925831681', '1514872619925831681', '2022-05-02 00:53:10', '2022-05-02 00:53:10', 0);
INSERT INTO jyadmin.sys_log (id, handle_name, handle_desc, ip_address, ip_area, browser, application, request_path, request_method, request_param, request_time, method, execute_status, execute_time, response_data, error_desc, username, create_by, update_by, create_time, update_time, deleted) VALUES ('1520816694740774914', '系统管理：用户管理', '分页查询用户', '192.168.16.1', '内网IP', 'Chrome 100.0.4896.127', 'Desktop', '/api/user/query', 'GET', '[{"nickname":"","pageNumber":1,"pageSize":10,"phone":"","username":""}]', '2022-05-02 01:25:30', 'com.jyadmin.system.user.controller.UserController.doQueryPage', 1, 0, '{"code":200,"hasNext":false,"hasPrevious":false,"msg":"操作成功","pageNumber":1,"pageSize":10,"pages":1,"records":[{"avatar":"111","createTime":"2022-04-15T15:45:52","deleted":0,"id":"1514872619925831681","nickname":"admin","password":"$2a$10$CMZhRcOTLIShDm83rvOb2eI0WiJdhN4nKBH9fgrnoZYcH7J80mKA2","phone":"18750712757","status":1,"type":1,"updateBy":"1514872619925831681","updateTime":"2022-04-15T15:45:52","username":"admin"},{"createTime":"2022-04-19T22:49:52","deleted":0,"id":"1516428874412486658","nickname":"zhangsan","password":"$2a$10$SU3sGcd4zddR3kVq.BjeP.Ag65wJI6fFfP.hC50TodN3v8yOUx2Hy","phone":"1211212","status":0,"type":0,"updateTime":"2022-04-19T22:49:52","username":"zhangsan"}],"success":true,"total":2}', null, 'admin', '1514872619925831681', '1514872619925831681', '2022-05-02 01:25:30', '2022-05-02 01:25:30', 0);
INSERT INTO jyadmin.sys_log (id, handle_name, handle_desc, ip_address, ip_area, browser, application, request_path, request_method, request_param, request_time, method, execute_status, execute_time, response_data, error_desc, username, create_by, update_by, create_time, update_time, deleted) VALUES ('1520816748356562946', '系统管理：用户管理', '分页查询用户', '192.168.16.1', '内网IP', 'Chrome 100.0.4896.127', 'Desktop', '/api/user/query', 'GET', '[{"nickname":"","pageNumber":1,"pageSize":10,"phone":"","username":""}]', '2022-05-02 01:25:43', 'com.jyadmin.system.user.controller.UserController.doQueryPage', 1, 0, '{"code":200,"hasNext":false,"hasPrevious":false,"msg":"操作成功","pageNumber":1,"pageSize":10,"pages":1,"records":[{"avatar":"111","createTime":"2022-04-15T15:45:52","deleted":0,"id":"1514872619925831681","nickname":"admin","password":"$2a$10$CMZhRcOTLIShDm83rvOb2eI0WiJdhN4nKBH9fgrnoZYcH7J80mKA2","phone":"18750712757","status":1,"type":1,"updateBy":"1514872619925831681","updateTime":"2022-04-15T15:45:52","username":"admin"},{"createTime":"2022-04-19T22:49:52","deleted":0,"id":"1516428874412486658","nickname":"zhangsan","password":"$2a$10$/i4HwwU7iZocr0nS.4JJJ.KchMzYJvFSq086vebp/oWsbOo/RTRNS","phone":"1211212","status":0,"type":0,"updateBy":"1514872619925831681","updateTime":"2022-04-19T22:49:52","username":"zhangsan"}],"success":true,"total":2}', null, 'admin', '1514872619925831681', '1514872619925831681', '2022-05-02 01:25:43', '2022-05-02 01:25:43', 0);
INSERT INTO jyadmin.sys_log (id, handle_name, handle_desc, ip_address, ip_area, browser, application, request_path, request_method, request_param, request_time, method, execute_status, execute_time, response_data, error_desc, username, create_by, update_by, create_time, update_time, deleted) VALUES ('1520816775535652866', '系统管理：用户管理', '分页查询用户', '192.168.16.1', '内网IP', 'Chrome 100.0.4896.127', 'Desktop', '/api/user/query', 'GET', '[{"nickname":"","pageNumber":1,"pageSize":10,"phone":"","username":""}]', '2022-05-02 01:25:49', 'com.jyadmin.system.user.controller.UserController.doQueryPage', 1, 0, '{"code":200,"hasNext":false,"hasPrevious":false,"msg":"操作成功","pageNumber":1,"pageSize":10,"pages":1,"records":[{"avatar":"111","createTime":"2022-04-15T15:45:52","deleted":0,"id":"1514872619925831681","nickname":"admin","password":"$2a$10$CMZhRcOTLIShDm83rvOb2eI0WiJdhN4nKBH9fgrnoZYcH7J80mKA2","phone":"18750712757","status":1,"type":1,"updateBy":"1514872619925831681","updateTime":"2022-04-15T15:45:52","username":"admin"},{"createTime":"2022-04-19T22:49:52","deleted":0,"id":"1516428874412486658","nickname":"zhangsan","password":"$2a$10$/i4HwwU7iZocr0nS.4JJJ.KchMzYJvFSq086vebp/oWsbOo/RTRNS","phone":"1211212","status":1,"type":0,"updateBy":"1514872619925831681","updateTime":"2022-04-19T22:49:52","username":"zhangsan"}],"success":true,"total":2}', null, 'admin', '1514872619925831681', '1514872619925831681', '2022-05-02 01:25:49', '2022-05-02 01:25:49', 0);
INSERT INTO jyadmin.sys_log (id, handle_name, handle_desc, ip_address, ip_area, browser, application, request_path, request_method, request_param, request_time, method, execute_status, execute_time, response_data, error_desc, username, create_by, update_by, create_time, update_time, deleted) VALUES ('1520816804405047297', '系统管理：用户管理', '分页查询用户', '192.168.16.1', '内网IP', 'Chrome 100.0.4896.127', 'Desktop', '/api/user/query', 'GET', '[{"nickname":"","pageNumber":1,"pageSize":10,"phone":"","username":""}]', '2022-05-02 01:25:56', 'com.jyadmin.system.user.controller.UserController.doQueryPage', 1, 0, '{"code":200,"hasNext":false,"hasPrevious":false,"msg":"操作成功","pageNumber":1,"pageSize":10,"pages":1,"records":[{"avatar":"111","createTime":"2022-04-15T15:45:52","deleted":0,"id":"1514872619925831681","nickname":"admin","password":"$2a$10$CMZhRcOTLIShDm83rvOb2eI0WiJdhN4nKBH9fgrnoZYcH7J80mKA2","phone":"18750712757","status":1,"type":1,"updateBy":"1514872619925831681","updateTime":"2022-04-15T15:45:52","username":"admin"},{"createTime":"2022-04-19T22:49:52","deleted":0,"id":"1516428874412486658","nickname":"zhangsan","password":"$2a$10$/i4HwwU7iZocr0nS.4JJJ.KchMzYJvFSq086vebp/oWsbOo/RTRNS","phone":"1211212","status":1,"type":0,"updateBy":"1514872619925831681","updateTime":"2022-04-19T22:49:52","username":"zhangsan"}],"success":true,"total":2}', null, 'admin', '1514872619925831681', '1514872619925831681', '2022-05-02 01:25:56', '2022-05-02 01:25:56', 0);
INSERT INTO jyadmin.sys_log (id, handle_name, handle_desc, ip_address, ip_area, browser, application, request_path, request_method, request_param, request_time, method, execute_status, execute_time, response_data, error_desc, username, create_by, update_by, create_time, update_time, deleted) VALUES ('1520817022643073026', '系统管理：用户管理', '分页查询用户', '192.168.16.1', '内网IP', 'Chrome 100.0.4896.127', 'Desktop', '/api/user/query', 'GET', '[{"nickname":"","pageNumber":1,"pageSize":10,"phone":"","username":""}]', '2022-05-02 01:26:48', 'com.jyadmin.system.user.controller.UserController.doQueryPage', 1, 0, '{"code":200,"hasNext":false,"hasPrevious":false,"msg":"操作成功","pageNumber":1,"pageSize":10,"pages":1,"records":[{"avatar":"111","createTime":"2022-04-15T15:45:52","deleted":0,"id":"1514872619925831681","nickname":"admin","password":"$2a$10$CMZhRcOTLIShDm83rvOb2eI0WiJdhN4nKBH9fgrnoZYcH7J80mKA2","phone":"18750712757","status":1,"type":1,"updateBy":"1514872619925831681","updateTime":"2022-04-15T15:45:52","username":"admin"},{"createTime":"2022-04-19T22:49:52","deleted":0,"id":"1516428874412486658","nickname":"zhangsan","password":"$2a$10$/i4HwwU7iZocr0nS.4JJJ.KchMzYJvFSq086vebp/oWsbOo/RTRNS","phone":"1211212","status":1,"type":0,"updateBy":"1514872619925831681","updateTime":"2022-04-19T22:49:52","username":"zhangsan"}],"success":true,"total":2}', null, 'admin', '1514872619925831681', '1514872619925831681', '2022-05-02 01:26:48', '2022-05-02 01:26:48', 0);
INSERT INTO jyadmin.sys_log (id, handle_name, handle_desc, ip_address, ip_area, browser, application, request_path, request_method, request_param, request_time, method, execute_status, execute_time, response_data, error_desc, username, create_by, update_by, create_time, update_time, deleted) VALUES ('1520817567910981634', '系统管理：用户管理', '分页查询用户', '192.168.16.1', '内网IP', 'Chrome 100.0.4896.127', 'Desktop', '/api/user/query', 'GET', '[{"nickname":"","pageNumber":1,"pageSize":10,"phone":"","username":""}]', '2022-05-02 01:28:58', 'com.jyadmin.system.user.controller.UserController.doQueryPage', 1, 0, '{"code":200,"hasNext":false,"hasPrevious":false,"msg":"操作成功","pageNumber":1,"pageSize":10,"pages":1,"records":[{"avatar":"111","createTime":"2022-04-15T15:45:52","deleted":0,"id":"1514872619925831681","nickname":"admin","password":"$2a$10$CMZhRcOTLIShDm83rvOb2eI0WiJdhN4nKBH9fgrnoZYcH7J80mKA2","phone":"18750712757","status":1,"type":1,"updateBy":"1514872619925831681","updateTime":"2022-04-15T15:45:52","username":"admin"},{"createTime":"2022-04-19T22:49:52","deleted":0,"id":"1516428874412486658","nickname":"zhangsan","password":"$2a$10$/i4HwwU7iZocr0nS.4JJJ.KchMzYJvFSq086vebp/oWsbOo/RTRNS","phone":"1211212","status":1,"type":0,"updateBy":"1514872619925831681","updateTime":"2022-04-19T22:49:52","username":"zhangsan"}],"success":true,"total":2}', null, 'zhangsan', '1516428874412486658', '1516428874412486658', '2022-05-02 01:28:58', '2022-05-02 01:28:58', 0);
INSERT INTO jyadmin.sys_log (id, handle_name, handle_desc, ip_address, ip_area, browser, application, request_path, request_method, request_param, request_time, method, execute_status, execute_time, response_data, error_desc, username, create_by, update_by, create_time, update_time, deleted) VALUES ('1520817808601116674', '系统管理：用户管理', '分页查询用户', '192.168.16.1', '内网IP', 'Chrome 100.0.4896.127', 'Desktop', '/api/user/query', 'GET', '[{"nickname":"","pageNumber":1,"pageSize":10,"phone":"","username":""}]', '2022-05-02 01:29:56', 'com.jyadmin.system.user.controller.UserController.doQueryPage', 1, 0, '{"code":200,"hasNext":false,"hasPrevious":false,"msg":"操作成功","pageNumber":1,"pageSize":10,"pages":1,"records":[{"avatar":"111","createTime":"2022-04-15T15:45:52","deleted":0,"id":"1514872619925831681","nickname":"admin","password":"$2a$10$CMZhRcOTLIShDm83rvOb2eI0WiJdhN4nKBH9fgrnoZYcH7J80mKA2","phone":"18750712757","status":1,"type":1,"updateBy":"1514872619925831681","updateTime":"2022-04-15T15:45:52","username":"admin"},{"createTime":"2022-04-19T22:49:52","deleted":0,"id":"1516428874412486658","nickname":"zhangsan","password":"$2a$10$/i4HwwU7iZocr0nS.4JJJ.KchMzYJvFSq086vebp/oWsbOo/RTRNS","phone":"1211212","status":1,"type":0,"updateBy":"1514872619925831681","updateTime":"2022-04-19T22:49:52","username":"zhangsan"}],"success":true,"total":2}', null, 'admin', '1514872619925831681', '1514872619925831681', '2022-05-02 01:29:56', '2022-05-02 01:29:56', 0);
INSERT INTO jyadmin.sys_log (id, handle_name, handle_desc, ip_address, ip_area, browser, application, request_path, request_method, request_param, request_time, method, execute_status, execute_time, response_data, error_desc, username, create_by, update_by, create_time, update_time, deleted) VALUES ('1520817852804886529', '系统管理：用户管理', '分页查询用户', '192.168.16.1', '内网IP', 'Chrome 100.0.4896.127', 'Desktop', '/api/user/query', 'GET', '[{"nickname":"","pageNumber":1,"pageSize":10,"phone":"","username":""}]', '2022-05-02 01:30:06', 'com.jyadmin.system.user.controller.UserController.doQueryPage', 1, 0, '{"code":200,"hasNext":false,"hasPrevious":false,"msg":"操作成功","pageNumber":1,"pageSize":10,"pages":1,"records":[{"avatar":"111","createTime":"2022-04-15T15:45:52","deleted":0,"id":"1514872619925831681","nickname":"admin","password":"$2a$10$CMZhRcOTLIShDm83rvOb2eI0WiJdhN4nKBH9fgrnoZYcH7J80mKA2","phone":"18750712757","status":1,"type":1,"updateBy":"1514872619925831681","updateTime":"2022-04-15T15:45:52","username":"admin"},{"createTime":"2022-04-19T22:49:52","deleted":0,"id":"1516428874412486658","nickname":"zhangsan","password":"$2a$10$/i4HwwU7iZocr0nS.4JJJ.KchMzYJvFSq086vebp/oWsbOo/RTRNS","phone":"1211212","status":1,"type":0,"updateBy":"1514872619925831681","updateTime":"2022-04-19T22:49:52","username":"zhangsan"}],"success":true,"total":2}', null, 'zhangsan', '1516428874412486658', '1516428874412486658', '2022-05-02 01:30:06', '2022-05-02 01:30:06', 0);
INSERT INTO jyadmin.sys_log (id, handle_name, handle_desc, ip_address, ip_area, browser, application, request_path, request_method, request_param, request_time, method, execute_status, execute_time, response_data, error_desc, username, create_by, update_by, create_time, update_time, deleted) VALUES ('1520817886099271682', '系统管理：用户管理', '分页查询用户', '192.168.16.1', '内网IP', 'Chrome 100.0.4896.127', 'Desktop', '/api/user/query', 'GET', '[{"nickname":"","pageNumber":1,"pageSize":10,"phone":"","username":""}]', '2022-05-02 01:30:14', 'com.jyadmin.system.user.controller.UserController.doQueryPage', 1, 0, '{"code":200,"hasNext":false,"hasPrevious":false,"msg":"操作成功","pageNumber":1,"pageSize":10,"pages":1,"records":[{"avatar":"111","createTime":"2022-04-15T15:45:52","deleted":0,"id":"1514872619925831681","nickname":"admin","password":"$2a$10$CMZhRcOTLIShDm83rvOb2eI0WiJdhN4nKBH9fgrnoZYcH7J80mKA2","phone":"18750712757","status":1,"type":1,"updateBy":"1514872619925831681","updateTime":"2022-04-15T15:45:52","username":"admin"},{"createTime":"2022-04-19T22:49:52","deleted":0,"id":"1516428874412486658","nickname":"zhangsan","password":"$2a$10$/i4HwwU7iZocr0nS.4JJJ.KchMzYJvFSq086vebp/oWsbOo/RTRNS","phone":"1211212","status":1,"type":0,"updateBy":"1514872619925831681","updateTime":"2022-04-19T22:49:52","username":"zhangsan"}],"success":true,"total":2}', null, 'admin', '1514872619925831681', '1514872619925831681', '2022-05-02 01:30:14', '2022-05-02 01:30:14', 0);
INSERT INTO jyadmin.sys_log (id, handle_name, handle_desc, ip_address, ip_area, browser, application, request_path, request_method, request_param, request_time, method, execute_status, execute_time, response_data, error_desc, username, create_by, update_by, create_time, update_time, deleted) VALUES ('1520818000607965185', '系统管理：用户管理', '分页查询用户', '192.168.16.1', '内网IP', 'Chrome 100.0.4896.127', 'Desktop', '/api/user/query', 'GET', '[{"nickname":"","pageNumber":1,"pageSize":10,"phone":"","username":""}]', '2022-05-02 01:30:41', 'com.jyadmin.system.user.controller.UserController.doQueryPage', 1, 0, '{"code":200,"hasNext":false,"hasPrevious":false,"msg":"操作成功","pageNumber":1,"pageSize":10,"pages":1,"records":[{"avatar":"111","createTime":"2022-04-15T15:45:52","deleted":0,"id":"1514872619925831681","nickname":"admin","password":"$2a$10$CMZhRcOTLIShDm83rvOb2eI0WiJdhN4nKBH9fgrnoZYcH7J80mKA2","phone":"18750712757","status":1,"type":1,"updateBy":"1514872619925831681","updateTime":"2022-04-15T15:45:52","username":"admin"},{"createTime":"2022-04-19T22:49:52","deleted":0,"id":"1516428874412486658","nickname":"zhangsan","password":"$2a$10$/i4HwwU7iZocr0nS.4JJJ.KchMzYJvFSq086vebp/oWsbOo/RTRNS","phone":"1211212","status":1,"type":0,"updateBy":"1514872619925831681","updateTime":"2022-04-19T22:49:52","username":"zhangsan"}],"success":true,"total":2}', null, 'admin', '1514872619925831681', '1514872619925831681', '2022-05-02 01:30:42', '2022-05-02 01:30:42', 0);
INSERT INTO jyadmin.sys_log (id, handle_name, handle_desc, ip_address, ip_area, browser, application, request_path, request_method, request_param, request_time, method, execute_status, execute_time, response_data, error_desc, username, create_by, update_by, create_time, update_time, deleted) VALUES ('1520818615748784130', '系统管理：用户管理', '分页查询用户', '192.168.16.1', '内网IP', 'Chrome 100.0.4896.127', 'Desktop', '/api/user/query', 'GET', '[{"nickname":"","pageNumber":1,"pageSize":10,"phone":"","username":""}]', '2022-05-02 01:33:08', 'com.jyadmin.system.user.controller.UserController.doQueryPage', 1, 0, '{"code":200,"hasNext":false,"hasPrevious":false,"msg":"操作成功","pageNumber":1,"pageSize":10,"pages":1,"records":[{"avatar":"111","createTime":"2022-04-15T15:45:52","deleted":0,"id":"1514872619925831681","nickname":"admin","password":"$2a$10$CMZhRcOTLIShDm83rvOb2eI0WiJdhN4nKBH9fgrnoZYcH7J80mKA2","phone":"18750712757","status":1,"type":1,"updateBy":"1514872619925831681","updateTime":"2022-04-15T15:45:52","username":"admin"},{"createTime":"2022-04-19T22:49:52","deleted":0,"id":"1516428874412486658","nickname":"zhangsan","password":"$2a$10$/i4HwwU7iZocr0nS.4JJJ.KchMzYJvFSq086vebp/oWsbOo/RTRNS","phone":"1211212","status":1,"type":0,"updateBy":"1514872619925831681","updateTime":"2022-04-19T22:49:52","username":"zhangsan"}],"success":true,"total":2}', null, 'admin', '1514872619925831681', '1514872619925831681', '2022-05-02 01:33:08', '2022-05-02 01:33:08', 0);
INSERT INTO jyadmin.sys_log (id, handle_name, handle_desc, ip_address, ip_area, browser, application, request_path, request_method, request_param, request_time, method, execute_status, execute_time, response_data, error_desc, username, create_by, update_by, create_time, update_time, deleted) VALUES ('1520818911312998401', '系统管理：用户管理', '分页查询用户', '192.168.16.1', '内网IP', 'Chrome 100.0.4896.127', 'Desktop', '/api/user/query', 'GET', '[{"nickname":"","pageNumber":1,"pageSize":10,"phone":"","username":""}]', '2022-05-02 01:34:19', 'com.jyadmin.system.user.controller.UserController.doQueryPage', 1, 0, '{"code":200,"hasNext":false,"hasPrevious":false,"msg":"操作成功","pageNumber":1,"pageSize":10,"pages":1,"records":[{"avatar":"111","createTime":"2022-04-15T15:45:52","deleted":0,"id":"1514872619925831681","nickname":"admin","password":"$2a$10$CMZhRcOTLIShDm83rvOb2eI0WiJdhN4nKBH9fgrnoZYcH7J80mKA2","phone":"18750712757","status":1,"type":1,"updateBy":"1514872619925831681","updateTime":"2022-04-15T15:45:52","username":"admin"},{"createTime":"2022-04-19T22:49:52","deleted":0,"id":"1516428874412486658","nickname":"zhangsan","password":"$2a$10$/i4HwwU7iZocr0nS.4JJJ.KchMzYJvFSq086vebp/oWsbOo/RTRNS","phone":"1211212","status":1,"type":0,"updateBy":"1514872619925831681","updateTime":"2022-04-19T22:49:52","username":"zhangsan"}],"success":true,"total":2}', null, 'admin', '1514872619925831681', '1514872619925831681', '2022-05-02 01:34:19', '2022-05-02 01:34:19', 0);
INSERT INTO jyadmin.sys_log (id, handle_name, handle_desc, ip_address, ip_area, browser, application, request_path, request_method, request_param, request_time, method, execute_status, execute_time, response_data, error_desc, username, create_by, update_by, create_time, update_time, deleted) VALUES ('1520827283068284929', '系统管理：用户管理', '分页查询用户', '192.168.16.1', '内网IP', 'Chrome 100.0.4896.127', 'Desktop', '/api/user/query', 'GET', '[{"nickname":"","pageNumber":1,"pageSize":10,"phone":"","username":""}]', '2022-05-02 02:07:35', 'com.jyadmin.system.user.controller.UserController.doQueryPage', 1, 0, '{"code":200,"hasNext":false,"hasPrevious":false,"msg":"操作成功","pageNumber":1,"pageSize":10,"pages":1,"records":[{"avatar":"111","createTime":"2022-04-15T15:45:52","deleted":0,"id":"1514872619925831681","nickname":"admin","password":"$2a$10$CMZhRcOTLIShDm83rvOb2eI0WiJdhN4nKBH9fgrnoZYcH7J80mKA2","phone":"18750712757","status":1,"type":1,"updateBy":"1514872619925831681","updateTime":"2022-04-15T15:45:52","username":"admin"},{"createTime":"2022-04-19T22:49:52","deleted":0,"id":"1516428874412486658","nickname":"zhangsan","password":"$2a$10$/i4HwwU7iZocr0nS.4JJJ.KchMzYJvFSq086vebp/oWsbOo/RTRNS","phone":"1211212","status":1,"type":0,"updateBy":"1514872619925831681","updateTime":"2022-04-19T22:49:52","username":"zhangsan"}],"success":true,"total":2}', null, 'admin', '1514872619925831681', '1514872619925831681', '2022-05-02 02:07:35', '2022-05-02 02:07:35', 0);
INSERT INTO jyadmin.sys_log (id, handle_name, handle_desc, ip_address, ip_area, browser, application, request_path, request_method, request_param, request_time, method, execute_status, execute_time, response_data, error_desc, username, create_by, update_by, create_time, update_time, deleted) VALUES ('1520831384174850050', '系统管理：用户管理', '分页查询用户', '192.168.16.1', '内网IP', 'Chrome 100.0.4896.127', 'Desktop', '/api/user/query', 'GET', '[{"nickname":"","pageNumber":1,"pageSize":10,"phone":"","username":""}]', '2022-05-02 02:23:52', 'com.jyadmin.system.user.controller.UserController.doQueryPage', 1, 0, '{"code":200,"hasNext":false,"hasPrevious":false,"msg":"操作成功","pageNumber":1,"pageSize":10,"pages":1,"records":[{"avatar":"111","createTime":"2022-04-15T15:45:52","deleted":0,"id":"1514872619925831681","nickname":"admin","password":"$2a$10$CMZhRcOTLIShDm83rvOb2eI0WiJdhN4nKBH9fgrnoZYcH7J80mKA2","phone":"18750712757","status":1,"type":1,"updateBy":"1514872619925831681","updateTime":"2022-04-15T15:45:52","username":"admin"},{"createTime":"2022-04-19T22:49:52","deleted":0,"id":"1516428874412486658","nickname":"zhangsan","password":"$2a$10$/i4HwwU7iZocr0nS.4JJJ.KchMzYJvFSq086vebp/oWsbOo/RTRNS","phone":"1211212","status":1,"type":0,"updateBy":"1514872619925831681","updateTime":"2022-04-19T22:49:52","username":"zhangsan"}],"success":true,"total":2}', null, 'admin', '1514872619925831681', '1514872619925831681', '2022-05-02 02:23:52', '2022-05-02 02:23:52', 0);
INSERT INTO jyadmin.sys_log (id, handle_name, handle_desc, ip_address, ip_area, browser, application, request_path, request_method, request_param, request_time, method, execute_status, execute_time, response_data, error_desc, username, create_by, update_by, create_time, update_time, deleted) VALUES ('1520848074761695233', '系统管理：用户管理', '分页查询用户', '192.168.16.1', '内网IP', 'Chrome 100.0.4896.127', 'Desktop', '/api/user/query', 'GET', '[{"nickname":"","pageNumber":1,"pageSize":10,"phone":"","username":""}]', '2022-05-02 03:30:12', 'com.jyadmin.system.user.controller.UserController.doQueryPage', 1, 0, '{"code":200,"hasNext":false,"hasPrevious":false,"msg":"操作成功","pageNumber":1,"pageSize":10,"pages":1,"records":[{"avatar":"111","createTime":"2022-04-15T15:45:52","deleted":0,"id":"1514872619925831681","nickname":"admin","password":"$2a$10$CMZhRcOTLIShDm83rvOb2eI0WiJdhN4nKBH9fgrnoZYcH7J80mKA2","phone":"18750712757","status":1,"type":1,"updateBy":"1514872619925831681","updateTime":"2022-04-15T15:45:52","username":"admin"},{"createTime":"2022-04-19T22:49:52","deleted":0,"id":"1516428874412486658","nickname":"zhangsan","password":"$2a$10$/i4HwwU7iZocr0nS.4JJJ.KchMzYJvFSq086vebp/oWsbOo/RTRNS","phone":"1211212","status":1,"type":0,"updateBy":"1514872619925831681","updateTime":"2022-04-19T22:49:52","username":"zhangsan"}],"success":true,"total":2}', null, 'admin', '1514872619925831681', '1514872619925831681', '2022-05-02 03:30:12', '2022-05-02 03:30:12', 0);
INSERT INTO jyadmin.sys_log (id, handle_name, handle_desc, ip_address, ip_area, browser, application, request_path, request_method, request_param, request_time, method, execute_status, execute_time, response_data, error_desc, username, create_by, update_by, create_time, update_time, deleted) VALUES ('1521174502917140482', '系统管理：用户管理', '分页查询用户', '192.168.16.1', '内网IP', 'Chrome 100.0.4896.127', 'Desktop', '/api/user/query', 'GET', '[{"nickname":"","pageNumber":1,"pageSize":10,"phone":"","username":""}]', '2022-05-03 01:07:18', 'com.jyadmin.system.user.controller.UserController.doQueryPage', 1, 0, '{"code":200,"hasNext":false,"hasPrevious":false,"msg":"操作成功","pageNumber":1,"pageSize":10,"pages":1,"records":[{"avatar":"111","createTime":"2022-04-15T15:45:52","deleted":0,"id":"1514872619925831681","nickname":"admin","password":"$2a$10$CMZhRcOTLIShDm83rvOb2eI0WiJdhN4nKBH9fgrnoZYcH7J80mKA2","phone":"18750712757","status":1,"type":1,"updateBy":"1514872619925831681","updateTime":"2022-04-15T15:45:52","username":"admin"},{"createTime":"2022-04-19T22:49:52","deleted":0,"id":"1516428874412486658","nickname":"zhangsan","password":"$2a$10$/i4HwwU7iZocr0nS.4JJJ.KchMzYJvFSq086vebp/oWsbOo/RTRNS","phone":"1211212","status":1,"type":0,"updateBy":"1514872619925831681","updateTime":"2022-04-19T22:49:52","username":"zhangsan"}],"success":true,"total":2}', null, 'admin', '1514872619925831681', '1514872619925831681', '2022-05-03 01:07:19', '2022-05-03 01:07:19', 0);
INSERT INTO jyadmin.sys_log (id, handle_name, handle_desc, ip_address, ip_area, browser, application, request_path, request_method, request_param, request_time, method, execute_status, execute_time, response_data, error_desc, username, create_by, update_by, create_time, update_time, deleted) VALUES ('1521174518448648193', '系统管理：用户管理', '分页查询用户', '192.168.16.1', '内网IP', 'Chrome 100.0.4896.127', 'Desktop', '/api/user/query', 'GET', '[{"nickname":"","pageNumber":1,"pageSize":10,"phone":"","username":""}]', '2022-05-03 01:07:22', 'com.jyadmin.system.user.controller.UserController.doQueryPage', 1, 0, '{"code":200,"hasNext":false,"hasPrevious":false,"msg":"操作成功","pageNumber":1,"pageSize":10,"pages":1,"records":[{"avatar":"111","createTime":"2022-04-15T15:45:52","deleted":0,"id":"1514872619925831681","nickname":"admin","password":"$2a$10$CMZhRcOTLIShDm83rvOb2eI0WiJdhN4nKBH9fgrnoZYcH7J80mKA2","phone":"18750712757","status":1,"type":1,"updateBy":"1514872619925831681","updateTime":"2022-04-15T15:45:52","username":"admin"},{"createTime":"2022-04-19T22:49:52","deleted":0,"id":"1516428874412486658","nickname":"zhangsan","password":"$2a$10$/i4HwwU7iZocr0nS.4JJJ.KchMzYJvFSq086vebp/oWsbOo/RTRNS","phone":"1211212","status":1,"type":0,"updateBy":"1514872619925831681","updateTime":"2022-04-19T22:49:52","username":"zhangsan"}],"success":true,"total":2}', null, 'admin', '1514872619925831681', '1514872619925831681', '2022-05-03 01:07:22', '2022-05-03 01:07:22', 0);
INSERT INTO jyadmin.sys_log (id, handle_name, handle_desc, ip_address, ip_area, browser, application, request_path, request_method, request_param, request_time, method, execute_status, execute_time, response_data, error_desc, username, create_by, update_by, create_time, update_time, deleted) VALUES ('1521558816213204994', '系统管理：用户管理', '分页查询用户', '192.168.16.1', '内网IP', 'Chrome 100.0.4896.127', 'Desktop', '/api/user/query', 'GET', '[{"nickname":"","pageNumber":1,"pageSize":10,"phone":"","username":""}]', '2022-05-04 02:34:26', 'com.jyadmin.system.user.controller.UserController.doQueryPage', 1, 0, '{"code":200,"hasNext":false,"hasPrevious":false,"msg":"操作成功","pageNumber":1,"pageSize":10,"pages":1,"records":[{"avatar":"111","createTime":"2022-04-15T15:45:52","deleted":0,"id":"1514872619925831681","nickname":"admin","password":"$2a$10$CMZhRcOTLIShDm83rvOb2eI0WiJdhN4nKBH9fgrnoZYcH7J80mKA2","phone":"18750712757","status":1,"type":1,"updateBy":"1514872619925831681","updateTime":"2022-04-15T15:45:52","username":"admin"},{"createTime":"2022-04-19T22:49:52","deleted":0,"id":"1516428874412486658","nickname":"zhangsan","password":"$2a$10$/i4HwwU7iZocr0nS.4JJJ.KchMzYJvFSq086vebp/oWsbOo/RTRNS","phone":"1211212","status":1,"type":0,"updateBy":"1514872619925831681","updateTime":"2022-04-19T22:49:52","username":"zhangsan"}],"success":true,"total":2}', null, 'admin', '1514872619925831681', '1514872619925831681', '2022-05-04 02:34:26', '2022-05-04 02:34:26', 0);
INSERT INTO jyadmin.sys_log (id, handle_name, handle_desc, ip_address, ip_area, browser, application, request_path, request_method, request_param, request_time, method, execute_status, execute_time, response_data, error_desc, username, create_by, update_by, create_time, update_time, deleted) VALUES ('1521558884643274754', '系统管理：用户管理', '分页查询用户', '192.168.16.1', '内网IP', 'Chrome 100.0.4896.127', 'Desktop', '/api/user/query', 'GET', '[{"nickname":"","pageNumber":1,"pageSize":10,"phone":"","username":""}]', '2022-05-04 02:34:42', 'com.jyadmin.system.user.controller.UserController.doQueryPage', 1, 0, '{"code":200,"hasNext":false,"hasPrevious":false,"msg":"操作成功","pageNumber":1,"pageSize":10,"pages":1,"records":[{"avatar":"111","createTime":"2022-04-15T15:45:52","deleted":0,"id":"1514872619925831681","nickname":"admin","password":"$2a$10$CMZhRcOTLIShDm83rvOb2eI0WiJdhN4nKBH9fgrnoZYcH7J80mKA2","phone":"18750712757","status":1,"type":1,"updateBy":"1514872619925831681","updateTime":"2022-04-15T15:45:52","username":"admin"},{"createTime":"2022-04-19T22:49:52","deleted":0,"id":"1516428874412486658","nickname":"zhangsan","password":"$2a$10$/i4HwwU7iZocr0nS.4JJJ.KchMzYJvFSq086vebp/oWsbOo/RTRNS","phone":"1211212","status":1,"type":0,"updateBy":"1514872619925831681","updateTime":"2022-04-19T22:49:52","username":"zhangsan"}],"success":true,"total":2}', null, 'admin', '1514872619925831681', '1514872619925831681', '2022-05-04 02:34:42', '2022-05-04 02:34:42', 0);
INSERT INTO jyadmin.sys_log (id, handle_name, handle_desc, ip_address, ip_area, browser, application, request_path, request_method, request_param, request_time, method, execute_status, execute_time, response_data, error_desc, username, create_by, update_by, create_time, update_time, deleted) VALUES ('1521560409398648833', '系统管理：用户管理', '分页查询用户', '192.168.16.1', '内网IP', 'Chrome 100.0.4896.127', 'Desktop', '/api/user/query', 'GET', '[{"nickname":"","pageNumber":1,"pageSize":10,"phone":"","username":""}]', '2022-05-04 02:40:45', 'com.jyadmin.system.user.controller.UserController.doQueryPage', 1, 0, '{"code":200,"hasNext":false,"hasPrevious":false,"msg":"操作成功","pageNumber":1,"pageSize":10,"pages":1,"records":[{"avatar":"111","createTime":"2022-04-15T15:45:52","deleted":0,"id":"1514872619925831681","nickname":"admin","password":"$2a$10$CMZhRcOTLIShDm83rvOb2eI0WiJdhN4nKBH9fgrnoZYcH7J80mKA2","phone":"18750712757","status":1,"type":1,"updateBy":"1514872619925831681","updateTime":"2022-04-15T15:45:52","username":"admin"},{"createTime":"2022-04-19T22:49:52","deleted":0,"id":"1516428874412486658","nickname":"zhangsan","password":"$2a$10$/i4HwwU7iZocr0nS.4JJJ.KchMzYJvFSq086vebp/oWsbOo/RTRNS","phone":"1211212","status":1,"type":0,"updateBy":"1514872619925831681","updateTime":"2022-04-19T22:49:52","username":"zhangsan"}],"success":true,"total":2}', null, 'admin', '1514872619925831681', '1514872619925831681', '2022-05-04 02:40:46', '2022-05-04 02:40:46', 0);
INSERT INTO jyadmin.sys_log (id, handle_name, handle_desc, ip_address, ip_area, browser, application, request_path, request_method, request_param, request_time, method, execute_status, execute_time, response_data, error_desc, username, create_by, update_by, create_time, update_time, deleted) VALUES ('1521568475938582529', '系统管理：用户管理', '分页查询用户', '192.168.16.1', '内网IP', 'Chrome 100.0.4896.127', 'Desktop', '/api/user/query', 'GET', '[{"nickname":"","pageNumber":1,"pageSize":10,"phone":"","username":""}]', '2022-05-04 03:12:49', 'com.jyadmin.system.user.controller.UserController.doQueryPage', 1, 0, '{"code":200,"hasNext":false,"hasPrevious":false,"msg":"操作成功","pageNumber":1,"pageSize":10,"pages":1,"records":[{"avatar":"111","createTime":"2022-04-15T15:45:52","deleted":0,"id":"1514872619925831681","nickname":"admin","password":"$2a$10$CMZhRcOTLIShDm83rvOb2eI0WiJdhN4nKBH9fgrnoZYcH7J80mKA2","phone":"18750712757","status":1,"type":1,"updateBy":"1514872619925831681","updateTime":"2022-04-15T15:45:52","username":"admin"},{"createTime":"2022-04-19T22:49:52","deleted":0,"id":"1516428874412486658","nickname":"zhangsan","password":"$2a$10$/i4HwwU7iZocr0nS.4JJJ.KchMzYJvFSq086vebp/oWsbOo/RTRNS","phone":"1211212","status":1,"type":0,"updateBy":"1514872619925831681","updateTime":"2022-04-19T22:49:52","username":"zhangsan"}],"success":true,"total":2}', null, 'admin', '1514872619925831681', '1514872619925831681', '2022-05-04 03:12:49', '2022-05-04 03:12:49', 0);
INSERT INTO jyadmin.sys_log (id, handle_name, handle_desc, ip_address, ip_area, browser, application, request_path, request_method, request_param, request_time, method, execute_status, execute_time, response_data, error_desc, username, create_by, update_by, create_time, update_time, deleted) VALUES ('1521729024114663426', '系统管理：用户管理', '分页查询用户', '192.168.16.1', '内网IP', 'Chrome 100.0.4896.127', 'Desktop', '/api/user/query', 'GET', '[{"nickname":"","pageNumber":1,"pageSize":10,"phone":"","username":""}]', '2022-05-04 13:50:46', 'com.jyadmin.system.user.controller.UserController.doQueryPage', 1, 0, '{"code":200,"hasNext":false,"hasPrevious":false,"msg":"操作成功","pageNumber":1,"pageSize":10,"pages":1,"records":[{"avatar":"111","createTime":"2022-04-15T15:45:52","deleted":0,"id":"1514872619925831681","nickname":"admin","password":"$2a$10$CMZhRcOTLIShDm83rvOb2eI0WiJdhN4nKBH9fgrnoZYcH7J80mKA2","phone":"18750712757","status":1,"type":1,"updateBy":"1514872619925831681","updateTime":"2022-04-15T15:45:52","username":"admin"},{"createTime":"2022-04-19T22:49:52","deleted":0,"id":"1516428874412486658","nickname":"zhangsan","password":"$2a$10$/i4HwwU7iZocr0nS.4JJJ.KchMzYJvFSq086vebp/oWsbOo/RTRNS","phone":"1211212","status":1,"type":0,"updateBy":"1514872619925831681","updateTime":"2022-04-19T22:49:52","username":"zhangsan"}],"success":true,"total":2}', null, 'admin', '1514872619925831681', '1514872619925831681', '2022-05-04 13:50:47', '2022-05-04 13:50:47', 0);
INSERT INTO jyadmin.sys_log (id, handle_name, handle_desc, ip_address, ip_area, browser, application, request_path, request_method, request_param, request_time, method, execute_status, execute_time, response_data, error_desc, username, create_by, update_by, create_time, update_time, deleted) VALUES ('1522588941671227393', '系统管理：用户管理', '分页查询用户', '192.168.16.1', '内网IP', 'Chrome 100.0.4896.127', 'Desktop', '/api/user/query', 'GET', '[{"nickname":"","pageNumber":1,"pageSize":10,"phone":"","username":""}]', '2022-05-06 22:47:47', 'com.jyadmin.system.user.controller.UserController.doQueryPage', 1, 0, '{"code":200,"hasNext":false,"hasPrevious":false,"msg":"操作成功","pageNumber":1,"pageSize":10,"pages":1,"records":[{"avatar":"111","createTime":"2022-04-15T15:45:52","deleted":0,"id":"1514872619925831681","nickname":"admin","password":"$2a$10$CMZhRcOTLIShDm83rvOb2eI0WiJdhN4nKBH9fgrnoZYcH7J80mKA2","phone":"18750712757","status":1,"type":1,"updateBy":"1514872619925831681","updateTime":"2022-04-15T15:45:52","username":"admin"},{"createTime":"2022-04-19T22:49:52","deleted":0,"id":"1516428874412486658","nickname":"zhangsan","password":"$2a$10$/i4HwwU7iZocr0nS.4JJJ.KchMzYJvFSq086vebp/oWsbOo/RTRNS","phone":"1211212","status":1,"type":0,"updateBy":"1514872619925831681","updateTime":"2022-04-19T22:49:52","username":"zhangsan"}],"success":true,"total":2}', null, 'admin', '1514872619925831681', '1514872619925831681', '2022-05-06 22:47:47', '2022-05-06 22:47:47', 0);
INSERT INTO jyadmin.sys_log (id, handle_name, handle_desc, ip_address, ip_area, browser, application, request_path, request_method, request_param, request_time, method, execute_status, execute_time, response_data, error_desc, username, create_by, update_by, create_time, update_time, deleted) VALUES ('1524054374299484162', '系统管理：用户管理', '分页查询用户', '192.168.16.1', '内网IP', 'Chrome 101.0.4951.54', 'Desktop', '/api/user/query', 'GET', '[{"nickname":"","pageNumber":1,"pageSize":10,"phone":"","username":""}]', '2022-05-10 23:50:53', 'com.jyadmin.system.user.controller.UserController.doQueryPage', 1, 0, '{"code":200,"hasNext":false,"hasPrevious":false,"msg":"操作成功","pageNumber":1,"pageSize":10,"pages":1,"records":[{"avatar":"111","createTime":"2022-04-15T15:45:52","deleted":0,"id":"1514872619925831681","nickname":"admin","password":"$2a$10$CMZhRcOTLIShDm83rvOb2eI0WiJdhN4nKBH9fgrnoZYcH7J80mKA2","phone":"18750712757","status":1,"type":1,"updateBy":"1514872619925831681","updateTime":"2022-04-15T15:45:52","username":"admin"},{"createTime":"2022-04-19T22:49:52","deleted":0,"id":"1516428874412486658","nickname":"zhangsan","password":"$2a$10$/i4HwwU7iZocr0nS.4JJJ.KchMzYJvFSq086vebp/oWsbOo/RTRNS","phone":"1211212","status":1,"type":0,"updateBy":"1514872619925831681","updateTime":"2022-04-19T22:49:52","username":"zhangsan"}],"success":true,"total":2}', null, 'admin', '1514872619925831681', '1514872619925831681', '2022-05-10 23:50:53', '2022-05-10 23:50:53', 0);
INSERT INTO jyadmin.sys_log (id, handle_name, handle_desc, ip_address, ip_area, browser, application, request_path, request_method, request_param, request_time, method, execute_status, execute_time, response_data, error_desc, username, create_by, update_by, create_time, update_time, deleted) VALUES ('1524795683624837122', '用户登录', '', '192.168.16.1', '内网IP', 'Chrome 101.0.4951.54', 'Desktop', '/api/auth/login', 'POST', '[{"password":"admin123","username":"admin"}]', '2022-05-13 00:56:35', 'com.jyadmin.security.controller.AuthController.doLogin', 1, 2, '{"code":200,"data":{"accessToken":"eyJ0eXAiOiJKV1QiLCJhbGciOiJIUzI1NiJ9.eyJzdWIiOiJhZG1pbiIsImV4cCI6MTY1MjM3ODE5M30.PdqC4cvTD-SFapv8JmRsLaIQB0mifLYjQADft_ZLP7E","refreshToken":"eyJ0eXAiOiJKV1QiLCJhbGciOiJIUzI1NiJ9.eyJzdWIiOiJhZG1pbiIsImV4cCI6MTY1MjM4MTc5M30.G-3KlglOaLMjzlbSF7yCRWFFqx72AZlvWQX5LL2rnZQ"},"msg":"操作成功","success":true}', null, 'admin', '1514872619925831681', '1514872619925831681', '2022-05-13 00:56:35', '2022-05-13 00:56:35', 0);
INSERT INTO jyadmin.sys_log (id, handle_name, handle_desc, ip_address, ip_area, browser, application, request_path, request_method, request_param, request_time, method, execute_status, execute_time, response_data, error_desc, username, create_by, update_by, create_time, update_time, deleted) VALUES ('1524797311199244290', '系统认证:用户登录', '', '192.168.16.1', '内网IP', 'Chrome 101.0.4951.54', 'Desktop', '/api/auth/login', 'POST', '[{"password":"admin123","username":"admin"}]', '2022-05-13 01:03:03', 'com.jyadmin.security.controller.AuthController.doLogin', 1, 1, '{"code":200,"data":{"accessToken":"eyJ0eXAiOiJKV1QiLCJhbGciOiJIUzI1NiJ9.eyJzdWIiOiJhZG1pbiIsImV4cCI6MTY1MjM3ODU4MX0.wW0zOFzqX0V2UAhx8zAPsh_7QBSPKclUUBLE_qbD6Rc","refreshToken":"eyJ0eXAiOiJKV1QiLCJhbGciOiJIUzI1NiJ9.eyJzdWIiOiJhZG1pbiIsImV4cCI6MTY1MjM4MjE4MX0.Ou4A1pVs3iNOpqNDyQFSNVUXvUoMRjXZLx7Do8qt-NU"},"msg":"操作成功","success":true}', null, 'admin', '1514872619925831681', '1514872619925831681', '2022-05-13 01:03:03', '2022-05-13 01:03:03', 0);
INSERT INTO jyadmin.sys_log (id, handle_name, handle_desc, ip_address, ip_area, browser, application, request_path, request_method, request_param, request_time, method, execute_status, execute_time, response_data, error_desc, username, create_by, update_by, create_time, update_time, deleted) VALUES ('1525100618862063617', '系统认证：用户登录', '', '192.168.16.1', '内网IP', 'Chrome 101.0.4951.54', 'Desktop', '/api/auth/login', 'POST', '[{"password":"admin123","username":"admin"}]', '2022-05-13 21:08:17', 'com.jyadmin.security.controller.AuthController.doLogin', 1, 5, '{"code":200,"data":{"accessToken":"eyJ0eXAiOiJKV1QiLCJhbGciOiJIUzI1NiJ9.eyJzdWIiOiJhZG1pbiIsImV4cCI6MTY1MjQ1MDg5Mn0.r93q39AerCEidYA9ZVc_vCa4X76tXe7tb3jHaGRf1_w","refreshToken":"eyJ0eXAiOiJKV1QiLCJhbGciOiJIUzI1NiJ9.eyJzdWIiOiJhZG1pbiIsImV4cCI6MTY1MjQ1NDQ5Mn0.NxSh1cSTB3w3fyJomLSm1jAJFkiVvEHZ8-E1kxTbYiw"},"msg":"操作成功","success":true}', null, 'admin', '1514872619925831681', '1514872619925831681', '2022-05-13 21:08:17', '2022-05-13 21:08:17', 0);
INSERT INTO jyadmin.sys_log (id, handle_name, handle_desc, ip_address, ip_area, browser, application, request_path, request_method, request_param, request_time, method, execute_status, execute_time, response_data, error_desc, username, create_by, update_by, create_time, update_time, deleted) VALUES ('1525100940326203393', '系统认证：用户登录', '', '192.168.16.1', '内网IP', 'Chrome 101.0.4951.54', 'Desktop', '/api/auth/login', 'POST', '[{"password":"admin123","username":"admin"}]', '2022-05-13 21:09:34', 'com.jyadmin.security.controller.AuthController.doLogin', 1, 1, '{"code":200,"data":{"accessToken":"eyJ0eXAiOiJKV1QiLCJhbGciOiJIUzI1NiJ9.eyJzdWIiOiJhZG1pbiIsImV4cCI6MTY1MjQ1MDk3Mn0.gsS5zrGXNll1VnvsY3H_p1tkCylVe0VeZeOBfI7elyM","refreshToken":"eyJ0eXAiOiJKV1QiLCJhbGciOiJIUzI1NiJ9.eyJzdWIiOiJhZG1pbiIsImV4cCI6MTY1MjQ1NDU3Mn0.ifWd4Jz1Gg7kEqU-n6rXma1v_cEFRSjcNnTlLEXI-FM"},"msg":"操作成功","success":true}', null, 'admin', '1514872619925831681', '1514872619925831681', '2022-05-13 21:09:34', '2022-05-13 21:09:34', 0);
INSERT INTO jyadmin.sys_log (id, handle_name, handle_desc, ip_address, ip_area, browser, application, request_path, request_method, request_param, request_time, method, execute_status, execute_time, response_data, error_desc, username, create_by, update_by, create_time, update_time, deleted) VALUES ('1525106999598116866', '系统管理：用户管理', '分页查询用户', '192.168.16.1', '内网IP', 'Chrome 101.0.4951.54', 'Desktop', '/api/user/query', 'GET', '[{"nickname":"","pageNumber":1,"pageSize":10,"phone":"","username":""}]', '2022-05-13 21:33:38', 'com.jyadmin.system.user.controller.UserController.doQueryPage', 1, 0, '{"code":200,"hasNext":false,"hasPrevious":false,"msg":"操作成功","pageNumber":1,"pageSize":10,"pages":1,"records":[{"avatar":"111","createTime":"2022-04-15T15:45:52","deleted":0,"id":"1514872619925831681","nickname":"admin","password":"$2a$10$CMZhRcOTLIShDm83rvOb2eI0WiJdhN4nKBH9fgrnoZYcH7J80mKA2","phone":"18750712757","status":1,"type":1,"updateBy":"1514872619925831681","updateTime":"2022-04-15T15:45:52","username":"admin"},{"createTime":"2022-04-19T22:49:52","deleted":0,"id":"1516428874412486658","nickname":"zhangsan","password":"$2a$10$/i4HwwU7iZocr0nS.4JJJ.KchMzYJvFSq086vebp/oWsbOo/RTRNS","phone":"1211212","status":1,"type":0,"updateBy":"1514872619925831681","updateTime":"2022-04-19T22:49:52","username":"zhangsan"}],"success":true,"total":2}', null, 'admin', '1514872619925831681', '1514872619925831681', '2022-05-13 21:33:39', '2022-05-13 21:33:39', 0);
INSERT INTO jyadmin.sys_log (id, handle_name, handle_desc, ip_address, ip_area, browser, application, request_path, request_method, request_param, request_time, method, execute_status, execute_time, response_data, error_desc, username, create_by, update_by, create_time, update_time, deleted) VALUES ('1525107067399041025', '系统管理：用户管理', '分页查询用户', '192.168.16.1', '内网IP', 'Chrome 101.0.4951.54', 'Desktop', '/api/user/query', 'GET', '[{"nickname":"","pageNumber":1,"pageSize":10,"phone":"","username":""}]', '2022-05-13 21:33:55', 'com.jyadmin.system.user.controller.UserController.doQueryPage', 1, 0, '{"code":200,"hasNext":false,"hasPrevious":false,"msg":"操作成功","pageNumber":1,"pageSize":10,"pages":1,"records":[{"avatar":"111","createTime":"2022-04-15T15:45:52","deleted":0,"id":"1514872619925831681","nickname":"admin","password":"$2a$10$CMZhRcOTLIShDm83rvOb2eI0WiJdhN4nKBH9fgrnoZYcH7J80mKA2","phone":"18750712757","status":1,"type":1,"updateBy":"1514872619925831681","updateTime":"2022-04-15T15:45:52","username":"admin"},{"createTime":"2022-04-19T22:49:52","deleted":0,"id":"1516428874412486658","nickname":"zhangsan","password":"$2a$10$/i4HwwU7iZocr0nS.4JJJ.KchMzYJvFSq086vebp/oWsbOo/RTRNS","phone":"1211212","status":1,"type":0,"updateBy":"1514872619925831681","updateTime":"2022-04-19T22:49:52","username":"zhangsan"}],"success":true,"total":2}', null, 'admin', '1514872619925831681', '1514872619925831681', '2022-05-13 21:33:55', '2022-05-13 21:33:55', 0);
INSERT INTO jyadmin.sys_log (id, handle_name, handle_desc, ip_address, ip_area, browser, application, request_path, request_method, request_param, request_time, method, execute_status, execute_time, response_data, error_desc, username, create_by, update_by, create_time, update_time, deleted) VALUES ('1525107082083299329', '系统管理：用户管理', '分页查询用户', '192.168.16.1', '内网IP', 'Chrome 101.0.4951.54', 'Desktop', '/api/user/query', 'GET', '[{"nickname":"","pageNumber":1,"pageSize":10,"phone":"","username":""}]', '2022-05-13 21:33:58', 'com.jyadmin.system.user.controller.UserController.doQueryPage', 1, 0, '{"code":200,"hasNext":false,"hasPrevious":false,"msg":"操作成功","pageNumber":1,"pageSize":10,"pages":1,"records":[{"avatar":"111","createTime":"2022-04-15T15:45:52","deleted":0,"id":"1514872619925831681","nickname":"admin","password":"$2a$10$CMZhRcOTLIShDm83rvOb2eI0WiJdhN4nKBH9fgrnoZYcH7J80mKA2","phone":"18750712757","status":1,"type":1,"updateBy":"1514872619925831681","updateTime":"2022-04-15T15:45:52","username":"admin"},{"createTime":"2022-04-19T22:49:52","deleted":0,"id":"1516428874412486658","nickname":"zhangsan","password":"$2a$10$/i4HwwU7iZocr0nS.4JJJ.KchMzYJvFSq086vebp/oWsbOo/RTRNS","phone":"1211212","status":1,"type":0,"updateBy":"1514872619925831681","updateTime":"2022-04-19T22:49:52","username":"zhangsan"}],"success":true,"total":2}', null, 'admin', '1514872619925831681', '1514872619925831681', '2022-05-13 21:33:58', '2022-05-13 21:33:58', 0);
INSERT INTO jyadmin.sys_log (id, handle_name, handle_desc, ip_address, ip_area, browser, application, request_path, request_method, request_param, request_time, method, execute_status, execute_time, response_data, error_desc, username, create_by, update_by, create_time, update_time, deleted) VALUES ('1525107812173213697', '系统管理：用户管理', '分页查询用户', '192.168.16.1', '内网IP', 'Chrome 101.0.4951.54', 'Desktop', '/api/user/query', 'GET', '[{"nickname":"","pageNumber":1,"pageSize":10,"phone":"","username":""}]', '2022-05-13 21:36:52', 'com.jyadmin.system.user.controller.UserController.doQueryPage', 1, 0, '{"code":200,"hasNext":false,"hasPrevious":false,"msg":"操作成功","pageNumber":1,"pageSize":10,"pages":1,"records":[{"avatar":"111","createTime":"2022-04-15T15:45:52","deleted":0,"id":"1514872619925831681","nickname":"admin","password":"$2a$10$CMZhRcOTLIShDm83rvOb2eI0WiJdhN4nKBH9fgrnoZYcH7J80mKA2","phone":"18750712757","status":1,"type":1,"updateBy":"1514872619925831681","updateTime":"2022-04-15T15:45:52","username":"admin"},{"createTime":"2022-04-19T22:49:52","deleted":0,"id":"1516428874412486658","nickname":"zhangsan","password":"$2a$10$/i4HwwU7iZocr0nS.4JJJ.KchMzYJvFSq086vebp/oWsbOo/RTRNS","phone":"1211212","status":1,"type":0,"updateBy":"1514872619925831681","updateTime":"2022-04-19T22:49:52","username":"zhangsan"}],"success":true,"total":2}', null, 'admin', '1514872619925831681', '1514872619925831681', '2022-05-13 21:36:52', '2022-05-13 21:36:52', 0);
INSERT INTO jyadmin.sys_log (id, handle_name, handle_desc, ip_address, ip_area, browser, application, request_path, request_method, request_param, request_time, method, execute_status, execute_time, response_data, error_desc, username, create_by, update_by, create_time, update_time, deleted) VALUES ('1525109124927451137', '系统认证：用户登录', '', '192.168.16.1', '内网IP', 'Chrome 101.0.4951.54', 'Desktop', '/api/auth/login', 'POST', '[{"password":"admin123","username":"admin"}]', '2022-05-13 21:42:05', 'com.jyadmin.security.controller.AuthController.doLogin', 1, 5, '{"code":200,"data":{"accessToken":"eyJ0eXAiOiJKV1QiLCJhbGciOiJIUzI1NiJ9.eyJzdWIiOiJhZG1pbiIsImV4cCI6MTY1MjQ1MjkyMH0.OYl4fpVI2BR8tER9qdutXF8QNzgywThALhUMTWpu84U","refreshToken":"eyJ0eXAiOiJKV1QiLCJhbGciOiJIUzI1NiJ9.eyJzdWIiOiJhZG1pbiIsImV4cCI6MTY1MjQ1NjUyMH0.74y3T5fIUQagY--da4YHHshTgUT7kklMG_NxP_Gcw1A"},"msg":"操作成功","success":true}', null, 'admin', '1514872619925831681', '1514872619925831681', '2022-05-13 21:42:05', '2022-05-13 21:42:05', 0);
INSERT INTO jyadmin.sys_log (id, handle_name, handle_desc, ip_address, ip_area, browser, application, request_path, request_method, request_param, request_time, method, execute_status, execute_time, response_data, error_desc, username, create_by, update_by, create_time, update_time, deleted) VALUES ('1525110957938962434', '系统认证：用户登录', '', '192.168.16.1', '内网IP', 'Chrome 101.0.4951.54', 'Desktop', '/api/auth/login', 'POST', '[{"password":"admin123","username":"admin"}]', '2022-05-13 21:49:22', 'com.jyadmin.security.controller.AuthController.doLogin', 1, 19, '{"code":200,"data":{"accessToken":"eyJ0eXAiOiJKV1QiLCJhbGciOiJIUzI1NiJ9.eyJzdWIiOiJhZG1pbiIsImV4cCI6MTY1MjQ1MzM2Mn0.VVzb1lBKW2zdQjcN5RPtn9lZrqdQC4b3R6827L-Pqaw","refreshToken":"eyJ0eXAiOiJKV1QiLCJhbGciOiJIUzI1NiJ9.eyJzdWIiOiJhZG1pbiIsImV4cCI6MTY1MjQ1Njk2Mn0.aP4NfDFN-4kn8fhjmStdIDfCpOidGtpoXhf4XIh98vc"},"msg":"操作成功","success":true}', null, 'admin', '1514872619925831681', '1514872619925831681', '2022-05-13 21:49:23', '2022-05-13 21:49:23', 0);
INSERT INTO jyadmin.sys_log (id, handle_name, handle_desc, ip_address, ip_area, browser, application, request_path, request_method, request_param, request_time, method, execute_status, execute_time, response_data, error_desc, username, create_by, update_by, create_time, update_time, deleted) VALUES ('1525113345860964353', '系统管理：用户管理', '分页查询用户', '192.168.16.1', '内网IP', 'Chrome 101.0.4951.54', 'Desktop', '/api/user/query', 'GET', '[{"nickname":"","pageNumber":1,"pageSize":10,"phone":"","username":""}]', '2022-05-13 21:58:52', 'com.jyadmin.system.user.controller.UserController.doQueryPage', 1, 0, '{"code":200,"hasNext":false,"hasPrevious":false,"msg":"操作成功","pageNumber":1,"pageSize":10,"pages":1,"records":[{"avatar":"111","createTime":"2022-04-15T15:45:52","deleted":0,"id":"1514872619925831681","nickname":"admin","password":"$2a$10$CMZhRcOTLIShDm83rvOb2eI0WiJdhN4nKBH9fgrnoZYcH7J80mKA2","phone":"18750712757","status":1,"type":1,"updateBy":"1514872619925831681","updateTime":"2022-04-15T15:45:52","username":"admin"},{"createTime":"2022-04-19T22:49:52","deleted":0,"id":"1516428874412486658","nickname":"zhangsan","password":"$2a$10$/i4HwwU7iZocr0nS.4JJJ.KchMzYJvFSq086vebp/oWsbOo/RTRNS","phone":"1211212","status":1,"type":0,"updateBy":"1514872619925831681","updateTime":"2022-04-19T22:49:52","username":"zhangsan"}],"success":true,"total":2}', null, 'admin', '1514872619925831681', '1514872619925831681', '2022-05-13 21:58:52', '2022-05-13 21:58:52', 0);
INSERT INTO jyadmin.sys_log (id, handle_name, handle_desc, ip_address, ip_area, browser, application, request_path, request_method, request_param, request_time, method, execute_status, execute_time, response_data, error_desc, username, create_by, update_by, create_time, update_time, deleted) VALUES ('1525113625348411393', '系统管理：用户管理', '分页查询用户', '192.168.16.1', '内网IP', 'Chrome 101.0.4951.54', 'Desktop', '/api/user/query', 'GET', '[{"nickname":"","pageNumber":1,"pageSize":10,"phone":"","username":""}]', '2022-05-13 21:59:58', 'com.jyadmin.system.user.controller.UserController.doQueryPage', 1, 0, '{"code":200,"hasNext":false,"hasPrevious":false,"msg":"操作成功","pageNumber":1,"pageSize":10,"pages":1,"records":[{"avatar":"111","createTime":"2022-04-15T15:45:52","deleted":0,"id":"1514872619925831681","nickname":"admin","password":"$2a$10$CMZhRcOTLIShDm83rvOb2eI0WiJdhN4nKBH9fgrnoZYcH7J80mKA2","phone":"18750712757","status":1,"type":1,"updateBy":"1514872619925831681","updateTime":"2022-04-15T15:45:52","username":"admin"},{"createTime":"2022-04-19T22:49:52","deleted":0,"id":"1516428874412486658","nickname":"zhangsan","password":"$2a$10$/i4HwwU7iZocr0nS.4JJJ.KchMzYJvFSq086vebp/oWsbOo/RTRNS","phone":"1211212","status":1,"type":0,"updateBy":"1514872619925831681","updateTime":"2022-04-19T22:49:52","username":"zhangsan"}],"success":true,"total":2}', null, 'admin', '1514872619925831681', '1514872619925831681', '2022-05-13 21:59:58', '2022-05-13 21:59:58', 0);
INSERT INTO jyadmin.sys_log (id, handle_name, handle_desc, ip_address, ip_area, browser, application, request_path, request_method, request_param, request_time, method, execute_status, execute_time, response_data, error_desc, username, create_by, update_by, create_time, update_time, deleted) VALUES ('1525133324840984578', '系统认证：用户登录', '', '192.168.16.1', '内网IP', 'ApiPOST Runtime https://www.apipost.cn', 'Robot', '/api/auth/login', 'POST', '[{"password":"admin123","username":"admin"}]', '2022-05-13 23:18:15', 'com.jyadmin.security.controller.AuthController.doLogin', 1, 3, '{"code":200,"data":{"accessToken":"eyJ0eXAiOiJKV1QiLCJhbGciOiJIUzI1NiJ9.eyJzdWIiOiJhZG1pbiIsImV4cCI6MTY1MjQ1ODY5Mn0.bP-N9eftkiJGjOvJoIrlP6zgM82JgYQocK73aYojH3M","refreshToken":"eyJ0eXAiOiJKV1QiLCJhbGciOiJIUzI1NiJ9.eyJzdWIiOiJhZG1pbiIsImV4cCI6MTY1MjQ2MjI5Mn0.cayYf_ZMnn9l_2XV6B_ao-k0DfceBfUpLG99KbZLz3s"},"msg":"操作成功","success":true}', null, 'admin', '1514872619925831681', '1514872619925831681', '2022-05-13 23:18:15', '2022-05-13 23:18:15', 0);
INSERT INTO jyadmin.sys_log (id, handle_name, handle_desc, ip_address, ip_area, browser, application, request_path, request_method, request_param, request_time, method, execute_status, execute_time, response_data, error_desc, username, create_by, update_by, create_time, update_time, deleted) VALUES ('1525142942556139521', '系统认证：用户登录', '', '192.168.16.1', '内网IP', 'ApiPOST Runtime https://www.apipost.cn', 'Robot', '/api/auth/login', 'POST', '[{"password":"admin123","username":"admin"}]', '2022-05-13 23:56:28', 'com.jyadmin.security.controller.AuthController.doLogin', 1, 2, '{"code":200,"data":{"accessToken":"eyJ0eXAiOiJKV1QiLCJhbGciOiJIUzI1NiJ9.eyJzdWIiOiJhZG1pbiIsImV4cCI6MTY1MjQ2MDk4Nn0.f557i5glAd-IHikuasMHQnqaqb4DIpng5-qsiPjUuGE","refreshToken":"eyJ0eXAiOiJKV1QiLCJhbGciOiJIUzI1NiJ9.eyJzdWIiOiJhZG1pbiIsImV4cCI6MTY1MjQ2NDU4Nn0.3cMDvZfgm-nFbTdNVt6TYAlM0z6TZzOC6COiY5GK8Yg"},"msg":"操作成功","success":true}', null, 'admin', '1514872619925831681', '1514872619925831681', '2022-05-13 23:56:28', '2022-05-13 23:56:28', 0);
INSERT INTO jyadmin.sys_log (id, handle_name, handle_desc, ip_address, ip_area, browser, application, request_path, request_method, request_param, request_time, method, execute_status, execute_time, response_data, error_desc, username, create_by, update_by, create_time, update_time, deleted) VALUES ('1525166113346822145', '系统认证：用户登录', '', '192.168.16.1', '内网IP', 'Chrome 101.0.4951.54', 'Desktop', '/api/auth/login', 'POST', '[{"password":"admin123","username":"admin"}]', '2022-05-14 01:28:32', 'com.jyadmin.security.controller.AuthController.doLogin', 1, 1, '{"code":200,"data":{"accessToken":"eyJ0eXAiOiJKV1QiLCJhbGciOiJIUzI1NiJ9.eyJzdWIiOiJhZG1pbiIsImV4cCI6MTY1MjQ2NjUxMH0.zId0zLroemvG_9hU1lBc5VNgWhADqkfeePc9PxFdq1Q","refreshToken":"eyJ0eXAiOiJKV1QiLCJhbGciOiJIUzI1NiJ9.eyJzdWIiOiJhZG1pbiIsImV4cCI6MTY1MjQ3MDExMH0.hPq8jtJGZvbaCtrVNROwoeWq3Wse7YbOiQOPD-6m8k4"},"msg":"操作成功","success":true}', null, 'admin', '1514872619925831681', '1514872619925831681', '2022-05-14 01:28:32', '2022-05-14 01:28:32', 0);
INSERT INTO jyadmin.sys_log (id, handle_name, handle_desc, ip_address, ip_area, browser, application, request_path, request_method, request_param, request_time, method, execute_status, execute_time, response_data, error_desc, username, create_by, update_by, create_time, update_time, deleted) VALUES ('1525166906766557186', '系统认证：用户登录', '', '192.168.16.1', '内网IP', 'Chrome 101.0.4951.54', 'Desktop', '/api/auth/login', 'POST', '[{"password":"admin123","username":"admin"}]', '2022-05-14 01:31:41', 'com.jyadmin.security.controller.AuthController.doLogin', 1, 1, '{"code":200,"data":{"accessToken":"eyJ0eXAiOiJKV1QiLCJhbGciOiJIUzI1NiJ9.eyJzdWIiOiJhZG1pbiIsImV4cCI6MTY1MjQ2NjY5OX0.29kJQfgS0H5VhNaDQ0jNg1QXsTW3H44qVRmpasSLxfM","refreshToken":"eyJ0eXAiOiJKV1QiLCJhbGciOiJIUzI1NiJ9.eyJzdWIiOiJhZG1pbiIsImV4cCI6MTY1MjQ3MDI5OX0.HUq047oiQDPqfgNOi9rRda81t6CnGV-Aww3D7EaA_Uk"},"msg":"操作成功","success":true}', null, 'admin', '1514872619925831681', '1514872619925831681', '2022-05-14 01:31:42', '2022-05-14 01:31:42', 0);
INSERT INTO jyadmin.sys_log (id, handle_name, handle_desc, ip_address, ip_area, browser, application, request_path, request_method, request_param, request_time, method, execute_status, execute_time, response_data, error_desc, username, create_by, update_by, create_time, update_time, deleted) VALUES ('1525167089449467905', '系统认证：用户登录', '', '192.168.16.1', '内网IP', 'ApiPOST Runtime https://www.apipost.cn', 'Robot', '/api/auth/login', 'POST', '[{"password":"admin123","username":"admin"}]', '2022-05-14 01:32:25', 'com.jyadmin.security.controller.AuthController.doLogin', 1, 0, '{"code":200,"data":{"accessToken":"eyJ0eXAiOiJKV1QiLCJhbGciOiJIUzI1NiJ9.eyJzdWIiOiJhZG1pbiIsImV4cCI6MTY1MjQ2Njc0NH0.koRZz8JqPKTXCvbIEtfME3Yj-0Zpl29AhEdJrCqG3D0","refreshToken":"eyJ0eXAiOiJKV1QiLCJhbGciOiJIUzI1NiJ9.eyJzdWIiOiJhZG1pbiIsImV4cCI6MTY1MjQ3MDM0NH0.rjXxl-Qey2BdPUbvrjzW5u2IQa1EEyof6OxA5nq3YmA"},"msg":"操作成功","success":true}', null, 'admin', '1514872619925831681', '1514872619925831681', '2022-05-14 01:32:26', '2022-05-14 01:32:26', 0);
INSERT INTO jyadmin.sys_log (id, handle_name, handle_desc, ip_address, ip_area, browser, application, request_path, request_method, request_param, request_time, method, execute_status, execute_time, response_data, error_desc, username, create_by, update_by, create_time, update_time, deleted) VALUES ('1525168699160514561', '系统认证：用户登录', '', '192.168.16.1', '内网IP', 'Chrome 101.0.4951.54', 'Desktop', '/api/auth/login', 'POST', '[{"password":"admin123","username":"admin"}]', '2022-05-14 01:38:49', 'com.jyadmin.security.controller.AuthController.doLogin', 1, 1, '{"code":200,"data":{"accessToken":"eyJ0eXAiOiJKV1QiLCJhbGciOiJIUzI1NiJ9.eyJzdWIiOiJhZG1pbiIsImV4cCI6MTY1MjQ2NzEyN30.9pIXMMRGd35OUBLMBiztdhkkNQ9b7D1-Zaop4S1R-eM","refreshToken":"eyJ0eXAiOiJKV1QiLCJhbGciOiJIUzI1NiJ9.eyJzdWIiOiJhZG1pbiIsImV4cCI6MTY1MjQ3MDcyN30.FyzzsO-xDKGN0ZID-v73lVonBLVeRpWWwJXuiL-njx4"},"msg":"操作成功","success":true}', null, 'admin', '1514872619925831681', '1514872619925831681', '2022-05-14 01:38:49', '2022-05-14 01:38:49', 0);
INSERT INTO jyadmin.sys_log (id, handle_name, handle_desc, ip_address, ip_area, browser, application, request_path, request_method, request_param, request_time, method, execute_status, execute_time, response_data, error_desc, username, create_by, update_by, create_time, update_time, deleted) VALUES ('1525185404540559362', '系统认证：用户登录', '', '192.168.16.1', '内网IP', 'Chrome 101.0.4951.54', 'Desktop', '/api/auth/login', 'POST', '[{"password":"admin123","username":"admin"}]', '2022-05-14 02:45:12', 'com.jyadmin.security.controller.AuthController.doLogin', 1, 32, '{"code":200,"data":{"accessToken":"eyJ0eXAiOiJKV1QiLCJhbGciOiJIUzI1NiJ9.eyJzdWIiOiJhZG1pbiIsImV4cCI6MTY1MjQ3MTA5OX0.KY7fPbs-0VFSYO3XOU6fI3F_0Ym3_dE4yXA663lrFJQ","refreshToken":"eyJ0eXAiOiJKV1QiLCJhbGciOiJIUzI1NiJ9.eyJzdWIiOiJhZG1pbiIsImV4cCI6MTY1MjQ3NDY5OX0.MryxXGUnSFaKWA09_Y8UVufoqbTkdseMZ8naKr27LAI"},"msg":"操作成功","success":true}', null, 'admin', '1514872619925831681', '1514872619925831681', '2022-05-14 02:45:12', '2022-05-14 02:45:12', 0);
INSERT INTO jyadmin.sys_log (id, handle_name, handle_desc, ip_address, ip_area, browser, application, request_path, request_method, request_param, request_time, method, execute_status, execute_time, response_data, error_desc, username, create_by, update_by, create_time, update_time, deleted) VALUES ('1525185640059142145', '系统认证：用户登录', '', '192.168.16.1', '内网IP', 'Chrome 101.0.4951.54', 'Desktop', '/api/auth/login', 'POST', '[{"password":"admin123","username":"admin"}]', '2022-05-14 02:46:08', 'com.jyadmin.security.controller.AuthController.doLogin', 1, 2, '{"code":200,"data":{"accessToken":"eyJ0eXAiOiJKV1QiLCJhbGciOiJIUzI1NiJ9.eyJzdWIiOiJhZG1pbiIsImV4cCI6MTY1MjQ3MTE2Nn0.DOzFdYxKqIc5yX1swfOzn3gjPBii2_nHeKSbjRLWGR0","refreshToken":"eyJ0eXAiOiJKV1QiLCJhbGciOiJIUzI1NiJ9.eyJzdWIiOiJhZG1pbiIsImV4cCI6MTY1MjQ3NDc2Nn0.YPQwghDd4Ky_BtN66XsjQpLcmsM1uMqQghGrehnLjaE"},"msg":"操作成功","success":true}', null, 'admin', '1514872619925831681', '1514872619925831681', '2022-05-14 02:46:08', '2022-05-14 02:46:08', 0);
INSERT INTO jyadmin.sys_log (id, handle_name, handle_desc, ip_address, ip_area, browser, application, request_path, request_method, request_param, request_time, method, execute_status, execute_time, response_data, error_desc, username, create_by, update_by, create_time, update_time, deleted) VALUES ('1525185649479548929', '系统管理：用户管理', '分页查询用户', '192.168.16.1', '内网IP', 'Chrome 101.0.4951.54', 'Desktop', '/api/user/query', 'GET', '[{"nickname":"","pageNumber":1,"pageSize":10,"phone":"","username":""}]', '2022-05-14 02:46:10', 'com.jyadmin.system.user.controller.UserController.doQueryPage', 1, 0, '{"code":200,"hasNext":false,"hasPrevious":false,"msg":"操作成功","pageNumber":1,"pageSize":10,"pages":1,"records":[{"avatar":"111","createTime":"2022-04-15T15:45:52","deleted":0,"id":"1514872619925831681","nickname":"admin","password":"$2a$10$CMZhRcOTLIShDm83rvOb2eI0WiJdhN4nKBH9fgrnoZYcH7J80mKA2","phone":"18750712757","status":1,"type":1,"updateBy":"1514872619925831681","updateTime":"2022-04-15T15:45:52","username":"admin"},{"createTime":"2022-04-19T22:49:52","deleted":0,"id":"1516428874412486658","nickname":"zhangsan","password":"$2a$10$/i4HwwU7iZocr0nS.4JJJ.KchMzYJvFSq086vebp/oWsbOo/RTRNS","phone":"1211212","status":1,"type":0,"updateBy":"1514872619925831681","updateTime":"2022-04-19T22:49:52","username":"zhangsan"}],"success":true,"total":2}', null, 'admin', '1514872619925831681', '1514872619925831681', '2022-05-14 02:46:10', '2022-05-14 02:46:10', 0);
INSERT INTO jyadmin.sys_log (id, handle_name, handle_desc, ip_address, ip_area, browser, application, request_path, request_method, request_param, request_time, method, execute_status, execute_time, response_data, error_desc, username, create_by, update_by, create_time, update_time, deleted) VALUES ('1525449691863482370', '系统认证：用户登录', '', '192.168.16.1', '内网IP', 'Chrome 101.0.4951.54', 'Desktop', '/api/auth/login', 'POST', '[{"password":"admin123","username":"admin"}]', '2022-05-14 20:15:23', 'com.jyadmin.security.controller.AuthController.doLogin', 1, 10, '{"code":200,"data":{"accessToken":"eyJ0eXAiOiJKV1QiLCJhbGciOiJIUzI1NiJ9.eyJzdWIiOiJhZG1pbiIsImV4cCI6MTY1MjUzNDExMn0.0YbGdXYvu_bIgy7Jkxj25t7fv0Cdv21XssUKkCZ26s8","refreshToken":"eyJ0eXAiOiJKV1QiLCJhbGciOiJIUzI1NiJ9.eyJzdWIiOiJhZG1pbiIsImV4cCI6MTY1MjUzNzcxMn0.8iXC5rCR_LJA41jZpB2nrgUTjbjbhVpoFXVS3TNYovM"},"msg":"操作成功","success":true}', null, 'admin', '1514872619925831681', '1514872619925831681', '2022-05-14 20:15:23', '2022-05-14 20:15:23', 0);
INSERT INTO jyadmin.sys_log (id, handle_name, handle_desc, ip_address, ip_area, browser, application, request_path, request_method, request_param, request_time, method, execute_status, execute_time, response_data, error_desc, username, create_by, update_by, create_time, update_time, deleted) VALUES ('1525459707769159682', '系统认证：用户登录', '', '192.168.16.1', '内网IP', 'Chrome 101.0.4951.54', 'Desktop', '/api/auth/login', 'POST', '[{"password":"admin123","username":"admin"}]', '2022-05-14 20:55:11', 'com.jyadmin.security.controller.AuthController.doLogin', 1, 31, '{"code":200,"data":{"accessToken":"eyJ0eXAiOiJKV1QiLCJhbGciOiJIUzI1NiJ9.eyJzdWIiOiJhZG1pbiIsImV4cCI6MTY1MjUzNjUwMH0.OHHOr5Id0G4AE_H02-YKUGJ3i9R2FHGp9o6RI8Wq3js","refreshToken":"eyJ0eXAiOiJKV1QiLCJhbGciOiJIUzI1NiJ9.eyJzdWIiOiJhZG1pbiIsImV4cCI6MTY1MjU0MDEwMH0.InCKk7gO_bZM2Zt_FznyTr-q2pnI2LedyKHWbYvtKQQ"},"msg":"操作成功","success":true}', null, 'admin', '1514872619925831681', '1514872619925831681', '2022-05-14 20:55:12', '2022-05-14 20:55:12', 0);
INSERT INTO jyadmin.sys_log (id, handle_name, handle_desc, ip_address, ip_area, browser, application, request_path, request_method, request_param, request_time, method, execute_status, execute_time, response_data, error_desc, username, create_by, update_by, create_time, update_time, deleted) VALUES ('1525460134195658753', '系统认证：用户登录', '', '192.168.16.1', '内网IP', 'Chrome 101.0.4951.54', 'Desktop', '/api/auth/login', 'POST', '[{"password":"admin123","username":"admin"}]', '2022-05-14 20:56:52', 'com.jyadmin.security.controller.AuthController.doLogin', 1, 0, '{"code":200,"data":{"accessToken":"eyJ0eXAiOiJKV1QiLCJhbGciOiJIUzI1NiJ9.eyJzdWIiOiJhZG1pbiIsImV4cCI6MTY1MjUzNjYxMn0.uRCeHR6FlWO5lZCtRSX2KCPdezsr233RU37ORIFrjdg","refreshToken":"eyJ0eXAiOiJKV1QiLCJhbGciOiJIUzI1NiJ9.eyJzdWIiOiJhZG1pbiIsImV4cCI6MTY1MjU0MDIxMn0.k5dRd200ozpP2gsy-NWzPkGTxjoUkrhEaoAhlz5Pd9k"},"msg":"操作成功","success":true}', null, 'admin', '1514872619925831681', '1514872619925831681', '2022-05-14 20:56:52', '2022-05-14 20:56:52', 0);
INSERT INTO jyadmin.sys_log (id, handle_name, handle_desc, ip_address, ip_area, browser, application, request_path, request_method, request_param, request_time, method, execute_status, execute_time, response_data, error_desc, username, create_by, update_by, create_time, update_time, deleted) VALUES ('1525470051631722498', '系统认证：用户登录', '', '192.168.16.1', '内网IP', 'Chrome 101.0.4951.54', 'Desktop', '/api/auth/login', 'POST', '[{"password":"admin123","username":"admin"}]', '2022-05-14 21:36:17', 'com.jyadmin.security.controller.AuthController.doLogin', 1, 31, '{"code":200,"data":{"accessToken":"eyJ0eXAiOiJKV1QiLCJhbGciOiJIUzI1NiJ9.eyJzdWIiOiJhZG1pbiIsImV4cCI6MTY1MjUzODk2NX0.nZp5cGspfVBjfpbKZXJHz468jKxRw3VVwLKhWRkom2M","refreshToken":"eyJ0eXAiOiJKV1QiLCJhbGciOiJIUzI1NiJ9.eyJzdWIiOiJhZG1pbiIsImV4cCI6MTY1MjU0MjU2NX0.y1IDPHv8ts5Gcj6ECiFI0UyTy_f4MKRtUYV4YSDYWS0"},"msg":"操作成功","success":true}', null, 'admin', '1514872619925831681', '1514872619925831681', '2022-05-14 21:36:17', '2022-05-14 21:36:17', 0);
INSERT INTO jyadmin.sys_log (id, handle_name, handle_desc, ip_address, ip_area, browser, application, request_path, request_method, request_param, request_time, method, execute_status, execute_time, response_data, error_desc, username, create_by, update_by, create_time, update_time, deleted) VALUES ('1525470090550669313', '系统认证：用户登录', '', '192.168.16.1', '内网IP', 'Chrome 101.0.4951.54', 'Desktop', '/api/auth/login', 'POST', '[{"password":"admin123","username":"admin"}]', '2022-05-14 21:36:26', 'com.jyadmin.security.controller.AuthController.doLogin', 1, 8, '{"code":200,"data":{"accessToken":"eyJ0eXAiOiJKV1QiLCJhbGciOiJIUzI1NiJ9.eyJzdWIiOiJhZG1pbiIsImV4cCI6MTY1MjUzODk3N30.KqXlv-aGmr7oF02D3g3Emdeiu5wDk9PFgBP1FuOyzd0","refreshToken":"eyJ0eXAiOiJKV1QiLCJhbGciOiJIUzI1NiJ9.eyJzdWIiOiJhZG1pbiIsImV4cCI6MTY1MjU0MjU3N30.WMSc532SKl-JEvb8S7k8365F3Ky-flKVHt5HtY2TPG4"},"msg":"操作成功","success":true}', null, 'admin', '1514872619925831681', '1514872619925831681', '2022-05-14 21:36:26', '2022-05-14 21:36:26', 0);
INSERT INTO jyadmin.sys_log (id, handle_name, handle_desc, ip_address, ip_area, browser, application, request_path, request_method, request_param, request_time, method, execute_status, execute_time, response_data, error_desc, username, create_by, update_by, create_time, update_time, deleted) VALUES ('1525473303039406081', '系统认证：用户登录', '', '192.168.16.1', '内网IP', 'Chrome 101.0.4951.54', 'Desktop', '/api/auth/login', 'POST', '[{"password":"admin123","username":"admin"}]', '2022-05-14 21:49:12', 'com.jyadmin.security.controller.AuthController.doLogin', 1, 30, '{"code":200,"data":{"accessToken":"eyJ0eXAiOiJKV1QiLCJhbGciOiJIUzI1NiJ9.eyJzdWIiOiJhZG1pbiIsImV4cCI6MTY1MjUzOTc0Mn0.1liP7U7g-r3MnZoCADwEUdiMBNjtdr886hkamgFGY8c","refreshToken":"eyJ0eXAiOiJKV1QiLCJhbGciOiJIUzI1NiJ9.eyJzdWIiOiJhZG1pbiIsImV4cCI6MTY1MjU0MzM0Mn0.vcuLMB-N_vWbzu4w9Ccp1oZuvys3LmdWnjW7TSmwuJg"},"msg":"操作成功","success":true}', null, 'admin', '1514872619925831681', '1514872619925831681', '2022-05-14 21:49:12', '2022-05-14 21:49:12', 0);
INSERT INTO jyadmin.sys_log (id, handle_name, handle_desc, ip_address, ip_area, browser, application, request_path, request_method, request_param, request_time, method, execute_status, execute_time, response_data, error_desc, username, create_by, update_by, create_time, update_time, deleted) VALUES ('1525473372593549314', '系统认证：用户登录', '', '192.168.16.1', '内网IP', 'Chrome 101.0.4951.54', 'Desktop', '/api/auth/login', 'POST', '[{"password":"admin123","username":"admin"}]', '2022-05-14 21:49:29', 'com.jyadmin.security.controller.AuthController.doLogin', 1, 0, '{"code":200,"data":{"accessToken":"eyJ0eXAiOiJKV1QiLCJhbGciOiJIUzI1NiJ9.eyJzdWIiOiJhZG1pbiIsImV4cCI6MTY1MjUzOTc2OH0.rP0j1bKACXQz5m-Yp0-_6LbKXV1q24n0CXv5pWPgnMo","refreshToken":"eyJ0eXAiOiJKV1QiLCJhbGciOiJIUzI1NiJ9.eyJzdWIiOiJhZG1pbiIsImV4cCI6MTY1MjU0MzM2OH0.0yVcuCYx0bfr0foJaPQq0b5MnFY4jAdK9LC72QC6gcc"},"msg":"操作成功","success":true}', null, 'admin', '1514872619925831681', '1514872619925831681', '2022-05-14 21:49:29', '2022-05-14 21:49:29', 0);
INSERT INTO jyadmin.sys_log (id, handle_name, handle_desc, ip_address, ip_area, browser, application, request_path, request_method, request_param, request_time, method, execute_status, execute_time, response_data, error_desc, username, create_by, update_by, create_time, update_time, deleted) VALUES ('1525473443628281857', '系统管理：用户管理', '分页查询用户', '192.168.16.1', '内网IP', 'Chrome 101.0.4951.54', 'Desktop', '/api/user/query', 'GET', '[{"nickname":"","pageNumber":1,"pageSize":10,"phone":"","username":""}]', '2022-05-14 21:49:46', 'com.jyadmin.system.user.controller.UserController.doQueryPage', 1, 0, '{"code":200,"hasNext":false,"hasPrevious":false,"msg":"操作成功","pageNumber":1,"pageSize":10,"pages":1,"records":[{"avatar":"111","createTime":"2022-04-15T15:45:52","deleted":0,"id":"1514872619925831681","nickname":"admin","password":"$2a$10$CMZhRcOTLIShDm83rvOb2eI0WiJdhN4nKBH9fgrnoZYcH7J80mKA2","phone":"18750712757","status":1,"type":1,"updateBy":"1514872619925831681","updateTime":"2022-04-15T15:45:52","username":"admin"},{"createTime":"2022-04-19T22:49:52","deleted":0,"id":"1516428874412486658","nickname":"zhangsan","password":"$2a$10$/i4HwwU7iZocr0nS.4JJJ.KchMzYJvFSq086vebp/oWsbOo/RTRNS","phone":"1211212","status":1,"type":0,"updateBy":"1514872619925831681","updateTime":"2022-04-19T22:49:52","username":"zhangsan"}],"success":true,"total":2}', null, 'admin', '1514872619925831681', '1514872619925831681', '2022-05-14 21:49:46', '2022-05-14 21:49:46', 0);
INSERT INTO jyadmin.sys_log (id, handle_name, handle_desc, ip_address, ip_area, browser, application, request_path, request_method, request_param, request_time, method, execute_status, execute_time, response_data, error_desc, username, create_by, update_by, create_time, update_time, deleted) VALUES ('1525480884378103810', '系统认证：用户登录', '', '192.168.16.1', '内网IP', 'Chrome 101.0.4951.54', 'Desktop', '/api/auth/login', 'POST', '[{"password":"admin123","username":"admin"}]', '2022-05-14 22:19:20', 'com.jyadmin.security.controller.AuthController.doLogin', 1, 29, '{"code":200,"data":{"accessToken":"eyJ0eXAiOiJKV1QiLCJhbGciOiJIUzI1NiJ9.eyJzdWIiOiJhZG1pbiIsImV4cCI6MTY1MjU0MTU0OX0.DS7koi-CRWc06Go5ZZaQh4FRp9_oABURqrfaCkRi84Q","refreshToken":"eyJ0eXAiOiJKV1QiLCJhbGciOiJIUzI1NiJ9.eyJzdWIiOiJhZG1pbiIsImV4cCI6MTY1MjU0NTE0OX0.YjZDYYrqZ4GFLV_8pP01-n1fhbXdmMAbrJWlo5sQrlQ"},"msg":"操作成功","success":true}', null, 'admin', '1514872619925831681', '1514872619925831681', '2022-05-14 22:19:20', '2022-05-14 22:19:20', 0);
INSERT INTO jyadmin.sys_log (id, handle_name, handle_desc, ip_address, ip_area, browser, application, request_path, request_method, request_param, request_time, method, execute_status, execute_time, response_data, error_desc, username, create_by, update_by, create_time, update_time, deleted) VALUES ('1525482245643661314', '系统认证：用户登录', '', '192.168.16.1', '内网IP', 'Chrome 101.0.4951.54', 'Desktop', '/api/auth/login', 'POST', '[{"password":"admin123","username":"admin"}]', '2022-05-14 22:24:44', 'com.jyadmin.security.controller.AuthController.doLogin', 1, 19, '{"code":200,"data":{"accessToken":"eyJ0eXAiOiJKV1QiLCJhbGciOiJIUzI1NiJ9.eyJzdWIiOiJhZG1pbiIsImV4cCI6MTY1MjU0MTg4NH0.ndpCZO-A1Y1FDpupoqXmJd5J4OfpP6XuEBctBYfLGS4","refreshToken":"eyJ0eXAiOiJKV1QiLCJhbGciOiJIUzI1NiJ9.eyJzdWIiOiJhZG1pbiIsImV4cCI6MTY1MjU0NTQ4NH0.xeNl4XFUC8io8r7tNzeej5dPlm9erOdRgghI02cCFys"},"msg":"操作成功","success":true}', null, 'admin', '1514872619925831681', '1514872619925831681', '2022-05-14 22:24:44', '2022-05-14 22:24:44', 0);
INSERT INTO jyadmin.sys_log (id, handle_name, handle_desc, ip_address, ip_area, browser, application, request_path, request_method, request_param, request_time, method, execute_status, execute_time, response_data, error_desc, username, create_by, update_by, create_time, update_time, deleted) VALUES ('1525507852708388866', '系统认证：用户登录', '', '192.168.16.1', '内网IP', 'Chrome 101.0.4951.54', 'Desktop', '/api/auth/login', 'POST', '[{"password":"admin123","username":"admin"}]', '2022-05-15 00:06:29', 'com.jyadmin.security.controller.AuthController.doLogin', 1, 2, '{"code":200,"data":{"accessToken":"eyJ0eXAiOiJKV1QiLCJhbGciOiJIUzI1NiJ9.eyJzdWIiOiJhZG1pbiIsImV4cCI6MTY1MjU0Nzk4N30.IAAnZJC-U7Y7JHaA15PVoaEVkP7xyK1EmnrfcnsfrJ0","refreshToken":"eyJ0eXAiOiJKV1QiLCJhbGciOiJIUzI1NiJ9.eyJzdWIiOiJhZG1pbiIsImV4cCI6MTY1MjU1MTU4N30.xexYSKUi1G9LunlueJC7nGQl6qqt_uGxqwb-3lP2ZRs"},"msg":"操作成功","success":true}', null, 'admin', '1514872619925831681', '1514872619925831681', '2022-05-15 00:06:29', '2022-05-15 00:06:29', 0);
INSERT INTO jyadmin.sys_log (id, handle_name, handle_desc, ip_address, ip_area, browser, application, request_path, request_method, request_param, request_time, method, execute_status, execute_time, response_data, error_desc, username, create_by, update_by, create_time, update_time, deleted) VALUES ('1525507894135529473', '系统管理：用户管理', '分页查询用户', '192.168.16.1', '内网IP', 'Chrome 101.0.4951.54', 'Desktop', '/api/user/query', 'GET', '[{"nickname":"","pageNumber":1,"pageSize":10,"phone":"","username":""}]', '2022-05-15 00:06:39', 'com.jyadmin.system.user.controller.UserController.doQueryPage', 1, 0, '{"code":200,"hasNext":false,"hasPrevious":false,"msg":"操作成功","pageNumber":1,"pageSize":10,"pages":1,"records":[{"avatar":"111","createTime":"2022-04-15T15:45:52","deleted":0,"id":"1514872619925831681","nickname":"admin","password":"$2a$10$CMZhRcOTLIShDm83rvOb2eI0WiJdhN4nKBH9fgrnoZYcH7J80mKA2","phone":"18750712757","status":1,"type":1,"updateBy":"1514872619925831681","updateTime":"2022-04-15T15:45:52","username":"admin"},{"createTime":"2022-04-19T22:49:52","deleted":0,"id":"1516428874412486658","nickname":"zhangsan","password":"$2a$10$/i4HwwU7iZocr0nS.4JJJ.KchMzYJvFSq086vebp/oWsbOo/RTRNS","phone":"1211212","status":1,"type":0,"updateBy":"1514872619925831681","updateTime":"2022-04-19T22:49:52","username":"zhangsan"}],"success":true,"total":2}', null, 'admin', '1514872619925831681', '1514872619925831681', '2022-05-15 00:06:40', '2022-05-15 00:06:40', 0);
INSERT INTO jyadmin.sys_log (id, handle_name, handle_desc, ip_address, ip_area, browser, application, request_path, request_method, request_param, request_time, method, execute_status, execute_time, response_data, error_desc, username, create_by, update_by, create_time, update_time, deleted) VALUES ('1527955656441614338', '系统认证：用户登录', '', '192.168.16.1', '内网IP', 'Chrome 101.0.4951.54', 'Desktop', '/api/auth/login', 'POST', '[{"password":"admin123","username":"admin"}]', '2022-05-21 18:13:11', 'com.jyadmin.security.controller.AuthController.doLogin', 1, 1, '{"code":200,"data":{"accessToken":"eyJ0eXAiOiJKV1QiLCJhbGciOiJIUzI1NiJ9.eyJzdWIiOiJhZG1pbiIsImV4cCI6MTY1MzEzMTU4OX0.vQIIfl1sVbh8z3ePRgGVBIt-KPhTKvPbevFHhdGK36c","refreshToken":"eyJ0eXAiOiJKV1QiLCJhbGciOiJIUzI1NiJ9.eyJzdWIiOiJhZG1pbiIsImV4cCI6MTY1MzEzNTE4OX0.QsI5jEqWvoGzS1uEmT6fsxwhhi6jgIfd6_FWsfs2itQ"},"msg":"操作成功","success":true}', null, 'admin', '1514872619925831681', '1514872619925831681', '2022-05-21 18:13:11', '2022-05-21 18:13:11', 0);
INSERT INTO jyadmin.sys_log (id, handle_name, handle_desc, ip_address, ip_area, browser, application, request_path, request_method, request_param, request_time, method, execute_status, execute_time, response_data, error_desc, username, create_by, update_by, create_time, update_time, deleted) VALUES ('1527955694655918081', '系统管理：用户管理', '分页查询用户', '192.168.16.1', '内网IP', 'Chrome 101.0.4951.54', 'Desktop', '/api/user/query', 'GET', '[{"nickname":"","pageNumber":1,"pageSize":10,"phone":"","username":""}]', '2022-05-21 18:13:20', 'com.jyadmin.system.user.controller.UserController.doQueryPage', 1, 0, '{"code":200,"hasNext":false,"hasPrevious":false,"msg":"操作成功","pageNumber":1,"pageSize":10,"pages":1,"records":[{"avatar":"111","createTime":"2022-04-15T15:45:52","deleted":0,"id":"1514872619925831681","nickname":"admin","password":"$2a$10$CMZhRcOTLIShDm83rvOb2eI0WiJdhN4nKBH9fgrnoZYcH7J80mKA2","phone":"18750712757","status":1,"type":1,"updateBy":"1514872619925831681","updateTime":"2022-04-15T15:45:52","username":"admin"},{"createTime":"2022-04-19T22:49:52","deleted":0,"id":"1516428874412486658","nickname":"zhangsan","password":"$2a$10$/i4HwwU7iZocr0nS.4JJJ.KchMzYJvFSq086vebp/oWsbOo/RTRNS","phone":"1211212","status":1,"type":0,"updateBy":"1514872619925831681","updateTime":"2022-04-19T22:49:52","username":"zhangsan"}],"success":true,"total":2}', null, 'admin', '1514872619925831681', '1514872619925831681', '2022-05-21 18:13:20', '2022-05-21 18:13:20', 0);

create table sys_permission_action
(
    id          varchar(100)  not null comment 'ID'
        primary key,
    name        varchar(100)  null comment '动作名称',
    code        varchar(100)  null comment '权限标识',
    description varchar(100)  null comment '描述',
    group_id    varchar(100)  null comment '所属权限组',
    sort        int default 0 null comment '排序',
    status      int default 0 null comment '状态',
    create_by   varchar(100)  null comment '创建人',
    update_by   varchar(100)  null comment '更新人',
    create_time datetime      null comment '创建时间',
    update_time datetime      null comment '更新时间',
    deleted     int default 0 null comment '是否删除'
)
    comment '系统权限动作表';

INSERT INTO jyadmin.sys_permission_action (id, name, code, description, group_id, sort, status, create_by, update_by, create_time, update_time, deleted) VALUES ('1518603932098727938', '新增分组', 'group:create', '新增组别 com.jyadmin.system.permission.group.controller.PermissionGroupController#doCreate', '1518601683637211137', 1, 1, null, '1514872619925831681', '2022-04-25 22:52:46', '2022-04-25 22:52:46', 0);
INSERT INTO jyadmin.sys_permission_action (id, name, code, description, group_id, sort, status, create_by, update_by, create_time, update_time, deleted) VALUES ('1518604225955860481', '更新分组', 'group:update', '更新分组 com.jyadmin.system.permission.group.controller.PermissionGroupController#doUpdate', '1518601683637211137', 2, 1, null, null, '2022-04-25 22:53:56', '2022-04-25 22:53:56', 0);
INSERT INTO jyadmin.sys_permission_action (id, name, code, description, group_id, sort, status, create_by, update_by, create_time, update_time, deleted) VALUES ('1518604352233771009', '删除分组', 'group:delete', '删除分组 com.jyadmin.system.permission.group.controller.PermissionGroupController#doRemove', '1518601683637211137', 3, 1, null, null, '2022-04-25 22:54:27', '2022-04-25 22:54:27', 0);
INSERT INTO jyadmin.sys_permission_action (id, name, code, description, group_id, sort, status, create_by, update_by, create_time, update_time, deleted) VALUES ('1518604712956497921', '根据ID查找分组信息', 'group:queryById', '根据ID查找分组信息 com.jyadmin.system.permission.group.controller.PermissionGroupController#doQueryById', '1518601683637211137', 4, 1, null, null, '2022-04-25 22:55:53', '2022-04-25 22:55:53', 0);

create table sys_permission_action_group
(
    id          varchar(100)  not null comment 'ID'
        primary key,
    name        varchar(100)  null comment '权限组别名称',
    code        varchar(100)  null comment '权限组别标识',
    description varchar(100)  null comment '描述',
    parent_id   varchar(100)  null comment '父类ID',
    sort        int default 0 null comment '排序',
    status      int default 0 null comment '状态',
    create_by   varchar(100)  null comment '创建人',
    update_by   varchar(100)  null comment '更新人',
    create_time datetime      null comment '创建时间',
    update_time datetime      null comment '更新时间',
    deleted     int default 0 null comment '是否删除'
)
    comment '系统权限动作组别表';

INSERT INTO jyadmin.sys_permission_action_group (id, name, code, description, parent_id, sort, status, create_by, update_by, create_time, update_time, deleted) VALUES ('1518601683637211137', '系统管理-接口分组管理', 'group', '系统：系统权限接口分组', '0', 100, 0, null, null, '2022-04-25 22:43:50', '2022-04-25 22:43:50', 0);
INSERT INTO jyadmin.sys_permission_action_group (id, name, code, description, parent_id, sort, status, create_by, update_by, create_time, update_time, deleted) VALUES ('1518602550314635266', '系统管理-接口管理', 'action', '系统：系统权限动作接口', '0', 101, 0, null, null, '2022-04-25 22:47:17', '2022-04-25 22:47:17', 0);

create table sys_permission_menu
(
    id          varchar(100)  not null comment 'ID'
        primary key,
    name        varchar(100)  null comment '菜单名称',
    code        varchar(100)  null comment '菜单标识',
    type        int default 0 null comment '菜单类别',
    description varchar(100)  null comment '描述',
    parent_id   varchar(100)  null comment '父类ID',
    url         varchar(100)  null comment '路由地址',
    path        varchar(100)  null comment '组件路径',
    component   varchar(100)  null comment '组件名称',
    method      varchar(100)  null comment '调用方法',
    icon        varchar(100)  null comment '图标',
    style       varchar(100)  null comment '样式',
    sort        int default 0 null comment '排序',
    cache       int default 0 null comment '是否缓存',
    visiable    int default 0 null comment '是否显示',
    link        int default 0 null comment '是否外链',
    status      int default 0 null comment '状态',
    create_by   varchar(100)  null comment '创建人',
    update_by   varchar(100)  null comment '更新人',
    create_time datetime      null comment '创建时间',
    update_time datetime      null comment '更新时间',
    deleted     int default 0 null comment '是否删除'
)
    comment '系统权限菜单表';

INSERT INTO jyadmin.sys_permission_menu (id, name, code, type, description, parent_id, url, path, component, method, icon, style, sort, cache, visiable, link, status, create_by, update_by, create_time, update_time, deleted) VALUES ('1520693870025895938', '系统管理', 'system', 0, '系统管理', '0', '/jy-system', 'Layout', 'Layout', '', 'el-icon-menu', '', 1, 0, 1, 0, 1, '1514872619925831681', '1514872619925831681', '2022-05-01 17:17:27', '2022-05-01 17:17:27', 0);
INSERT INTO jyadmin.sys_permission_menu (id, name, code, type, description, parent_id, url, path, component, method, icon, style, sort, cache, visiable, link, status, create_by, update_by, create_time, update_time, deleted) VALUES ('1520813369899216897', '用户管理', 'user', 1, '用户管理', '1520693870025895938', 'user', 'jy-system/user/index', '用户管理', '', 'el-icon-s-grid', '', 1, 0, 1, 0, 1, '1514872619925831681', '1514872619925831681', '2022-05-02 01:12:18', '2022-05-02 01:12:18', 0);
INSERT INTO jyadmin.sys_permission_menu (id, name, code, type, description, parent_id, url, path, component, method, icon, style, sort, cache, visiable, link, status, create_by, update_by, create_time, update_time, deleted) VALUES ('1520813688804732930', '角色管理', 'role', 1, '角色管理', '1520693870025895938', 'role', 'jy-system/role/index', '角色管理', '', 'el-icon-s-grid', '', 2, 0, 1, 0, 1, '1514872619925831681', '1514872619925831681', '2022-05-02 01:13:34', '2022-05-02 01:13:34', 0);
INSERT INTO jyadmin.sys_permission_menu (id, name, code, type, description, parent_id, url, path, component, method, icon, style, sort, cache, visiable, link, status, create_by, update_by, create_time, update_time, deleted) VALUES ('1520814060239712257', '菜单管理', 'menu', 1, '菜单管理', '1520693870025895938', 'menu', 'jy-system/permission-menu/index', '菜单管理', '', 'el-icon-s-grid', '', 3, 0, 1, 0, 1, '1514872619925831681', '1514872619925831681', '2022-05-02 01:15:02', '2022-05-02 01:15:02', 0);
INSERT INTO jyadmin.sys_permission_menu (id, name, code, type, description, parent_id, url, path, component, method, icon, style, sort, cache, visiable, link, status, create_by, update_by, create_time, update_time, deleted) VALUES ('1520815855234052098', '接口管理', 'action', 1, '接口管理', '1520693870025895938', 'action', 'jy-system/permission-action/index', '接口管理', '', 'el-icon-s-grid', '', 4, 0, 1, 0, 1, '1514872619925831681', '1514872619925831681', '2022-05-02 01:22:10', '2022-05-02 01:22:10', 0);
INSERT INTO jyadmin.sys_permission_menu (id, name, code, type, description, parent_id, url, path, component, method, icon, style, sort, cache, visiable, link, status, create_by, update_by, create_time, update_time, deleted) VALUES ('1520816529883656193', '操作日志', 'handle-log', 1, '操作日志管理', '1525105047124439042', 'handle-log', 'jy-system/log/index', '操作日志管理', '', 'el-icon-s-grid', '', 5, 0, 1, 0, 1, '1514872619925831681', '1514872619925831681', '2022-05-02 01:24:51', '2022-05-02 01:24:51', 0);
INSERT INTO jyadmin.sys_permission_menu (id, name, code, type, description, parent_id, url, path, component, method, icon, style, sort, cache, visiable, link, status, create_by, update_by, create_time, update_time, deleted) VALUES ('1520819578043756546', '查看', 'menu:show', 2, '查看', '1520814060239712257', '', '', '', '', '', '', 1, 0, 1, 0, 1, '1514872619925831681', '1514872619925831681', '2022-05-02 01:36:58', '2022-05-02 01:36:58', 0);
INSERT INTO jyadmin.sys_permission_menu (id, name, code, type, description, parent_id, url, path, component, method, icon, style, sort, cache, visiable, link, status, create_by, update_by, create_time, update_time, deleted) VALUES ('1520820172129169409', '新增', 'menu:add', 2, '', '1520814060239712257', '', '', '', '', '', '', 2, 0, 1, 0, 1, '1514872619925831681', '1514872619925831681', '2022-05-02 01:39:19', '2022-05-02 01:39:19', 0);
INSERT INTO jyadmin.sys_permission_menu (id, name, code, type, description, parent_id, url, path, component, method, icon, style, sort, cache, visiable, link, status, create_by, update_by, create_time, update_time, deleted) VALUES ('1520820333265940481', '修改', 'menu:update', 2, '', '1520814060239712257', '', '', '', '', '', '', 3, 0, 1, 0, 1, '1514872619925831681', '1514872619925831681', '2022-05-02 01:39:58', '2022-05-02 01:39:58', 0);
INSERT INTO jyadmin.sys_permission_menu (id, name, code, type, description, parent_id, url, path, component, method, icon, style, sort, cache, visiable, link, status, create_by, update_by, create_time, update_time, deleted) VALUES ('1520820480808972290', '删除', 'menu:delete', 2, '', '1520814060239712257', '', '', '', '', '', '1', 4, 0, 1, 0, 1, '1514872619925831681', '1514872619925831681', '2022-05-02 01:40:33', '2022-05-02 01:40:33', 0);
INSERT INTO jyadmin.sys_permission_menu (id, name, code, type, description, parent_id, url, path, component, method, icon, style, sort, cache, visiable, link, status, create_by, update_by, create_time, update_time, deleted) VALUES ('1520820825446543361', '保存接口', 'menu:addAction', 2, '', '1520814060239712257', '', '', '', '', '', '1', 5, 0, 1, 0, 1, '1514872619925831681', '1514872619925831681', '2022-05-02 01:41:55', '2022-05-02 01:41:55', 0);
INSERT INTO jyadmin.sys_permission_menu (id, name, code, type, description, parent_id, url, path, component, method, icon, style, sort, cache, visiable, link, status, create_by, update_by, create_time, update_time, deleted) VALUES ('1525105047124439042', '系统监控', 'monitor', 0, '系统监控', '0', '/jy-monitor', 'Layout', '', '', 'el-icon-menu', '', 2, 0, 1, 0, 1, '1514872619925831681', '1514872619925831681', '2022-05-13 21:25:53', '2022-05-13 21:25:53', 0);
INSERT INTO jyadmin.sys_permission_menu (id, name, code, type, description, parent_id, url, path, component, method, icon, style, sort, cache, visiable, link, status, create_by, update_by, create_time, update_time, deleted) VALUES ('1525105417431150594', '系统工具', 'tools', 0, '系统工具', '0', '/jy-tools', 'Layout', '', '', 'el-icon-menu', '', 3, 0, 1, 0, 1, '1514872619925831681', '1514872619925831681', '2022-05-13 21:27:21', '2022-05-13 21:27:21', 0);
INSERT INTO jyadmin.sys_permission_menu (id, name, code, type, description, parent_id, url, path, component, method, icon, style, sort, cache, visiable, link, status, create_by, update_by, create_time, update_time, deleted) VALUES ('1525106900620931073', 'API文档', 'apidoc', 1, 'API文档', '1525105047124439042', 'apidoc', 'jy-monitor/api-doc/index', '', '', 'el-icon-s-grid', '', 10, 0, 1, 0, 1, '1514872619925831681', '1514872619925831681', '2022-05-13 21:33:15', '2022-05-13 21:33:15', 0);
INSERT INTO jyadmin.sys_permission_menu (id, name, code, type, description, parent_id, url, path, component, method, icon, style, sort, cache, visiable, link, status, create_by, update_by, create_time, update_time, deleted) VALUES ('1525107490386210817', '数据库监控', 'database', 1, '', '1525105047124439042', 'database', 'jy-monitor/database/index', '', '', 'el-icon-s-grid', '', 9, 0, 1, 0, 1, '1514872619925831681', '1514872619925831681', '2022-05-13 21:35:36', '2022-05-13 21:35:36', 0);
INSERT INTO jyadmin.sys_permission_menu (id, name, code, type, description, parent_id, url, path, component, method, icon, style, sort, cache, visiable, link, status, create_by, update_by, create_time, update_time, deleted) VALUES ('1525181254071230465', '用户下线', 'offline', 1, '用户下线', '1525105047124439042', 'offline', 'jy-monitor/offline/index', '用户下线', '', 'el-icon-s-grid', '', 1, 0, 1, 0, 1, '1514872619925831681', '1514872619925831681', '2022-05-14 02:28:42', '2022-05-14 02:28:42', 0);

create table sys_role
(
    id          varchar(100)  not null comment 'ID'
        primary key,
    name        varchar(100)  null comment '角色名称',
    code        varchar(100)  null comment '角色编码',
    description varchar(100)  null comment '角色描述',
    sort        int default 0 null comment '角色排序',
    status      int default 0 null comment '状态',
    create_by   varchar(100)  null comment '创建人',
    update_by   varchar(100)  null comment '更新人',
    create_time datetime      null comment '创建时间',
    update_time datetime      null comment '更新时间',
    deleted     int default 0 null comment '是否删除'
)
    comment '系统角色表';

INSERT INTO jyadmin.sys_role (id, name, code, description, sort, status, create_by, update_by, create_time, update_time, deleted) VALUES ('1514875416360583170', 'admin', 'admin', 'admin', 0, 1, null, null, '2022-04-15 15:56:59', '2022-04-15 15:56:59', 0);
INSERT INTO jyadmin.sys_role (id, name, code, description, sort, status, create_by, update_by, create_time, update_time, deleted) VALUES ('1516414539049054210', 'zhangsan', 'zhangsan', 'zhangsan', 0, 1, null, null, '2022-04-19 21:52:54', '2022-04-19 21:53:18', 1);
INSERT INTO jyadmin.sys_role (id, name, code, description, sort, status, create_by, update_by, create_time, update_time, deleted) VALUES ('1520035400603684866', '测试账号', 'test', '测试账号', 2, 1, '1514872619925831681', '1514872619925831681', '2022-04-29 21:40:55', '2022-04-29 21:40:55', 0);
INSERT INTO jyadmin.sys_role (id, name, code, description, sort, status, create_by, update_by, create_time, update_time, deleted) VALUES ('1520035663934672897', '测试账号2', 'test2', '测试账号2', 2, 1, '1514872619925831681', '1514872619925831681', '2022-04-29 21:42:11', '2022-04-29 21:42:11', 0);

create table sys_user
(
    id          varchar(100)  not null comment 'ID'
        primary key,
    username    varchar(100)  null comment '帐号',
    password    varchar(100)  null comment '密码',
    nickname    varchar(100)  null comment '昵称',
    avatar      varchar(100)  null comment '头像',
    phone       varchar(50)   null comment '电话号码',
    type        int default 1 null comment '账号类型',
    status      int default 0 null comment '状态',
    create_by   varchar(100)  null comment '创建人',
    update_by   varchar(100)  null comment '更新人',
    create_time datetime      null comment '创建时间',
    update_time datetime      null comment '更新时间',
    deleted     int default 0 null comment '是否删除'
)
    comment '用户表';

INSERT INTO jyadmin.sys_user (id, username, password, nickname, avatar, phone, type, status, create_by, update_by, create_time, update_time, deleted) VALUES ('1514872619925831681', 'admin', '$2a$10$CMZhRcOTLIShDm83rvOb2eI0WiJdhN4nKBH9fgrnoZYcH7J80mKA2', 'admin', '111', '18750712757', 1, 1, null, '1514872619925831681', '2022-04-15 15:45:52', '2022-04-15 15:45:52', 0);
INSERT INTO jyadmin.sys_user (id, username, password, nickname, avatar, phone, type, status, create_by, update_by, create_time, update_time, deleted) VALUES ('1516426250065915905', 'zhangsan', 'zhangsan', 'zhangsan', null, '111111222', 0, 1, null, null, '2022-04-19 22:39:27', '2022-04-19 22:49:40', 1);
INSERT INTO jyadmin.sys_user (id, username, password, nickname, avatar, phone, type, status, create_by, update_by, create_time, update_time, deleted) VALUES ('1516428874412486658', 'zhangsan', '$2a$10$/i4HwwU7iZocr0nS.4JJJ.KchMzYJvFSq086vebp/oWsbOo/RTRNS', 'zhangsan', null, '1211212', 0, 1, null, '1514872619925831681', '2022-04-19 22:49:52', '2022-04-19 22:49:52', 0);

create table tb_blog
(
    id          varchar(100)  not null comment 'ID'
        primary key,
    title       varchar(100)  null comment '文章名称',
    intro       varchar(200)  null comment '摘要',
    category    varchar(100)  null comment '类别',
    tag         varchar(100)  null comment '标签',
    cover       varchar(150)  null comment '封面',
    source      int default 1 null comment '文章来源',
    content     text          null comment '文章内容',
    status      int default 0 null comment '状态',
    visible     int default 0 null comment '仅自己可见',
    author      varchar(100)  null comment '作者',
    create_by   varchar(100)  null comment '创建人',
    update_by   varchar(100)  null comment '更新人',
    create_time datetime      null comment '创建时间',
    update_time datetime      null comment '更新时间',
    deleted     int default 0 null comment '是否删除'
)
    comment '博客文章表';

create table tb_category
(
    id          varchar(100)  not null comment 'ID'
        primary key,
    name        varchar(50)   null comment '类别名称',
    code        varchar(200)  null comment '类别编码',
    intro       varchar(100)  null comment '简介',
    create_by   varchar(100)  null comment '创建人',
    update_by   varchar(100)  null comment '更新人',
    create_time datetime      null comment '创建时间',
    update_time datetime      null comment '更新时间',
    deleted     int default 0 null comment '是否删除'
)
    comment '博客类别表';

INSERT INTO jyadmin.tb_category (id, name, code, intro, create_by, update_by, create_time, update_time, deleted) VALUES ('1512706276197523457', 'test1Update', 'test1Update', 'test1Update', null, null, '2022-04-09 16:17:36', '2022-04-10 17:14:28', 1);
INSERT INTO jyadmin.tb_category (id, name, code, intro, create_by, update_by, create_time, update_time, deleted) VALUES ('1513082044479979522', 't2', 't2', 't2', null, null, '2022-04-10 17:10:46', '2022-04-10 17:14:28', 1);
INSERT INTO jyadmin.tb_category (id, name, code, intro, create_by, update_by, create_time, update_time, deleted) VALUES ('1513082084804018178', 't3', 't3', 't3', null, null, '2022-04-10 17:10:55', '2022-04-10 17:10:55', 0);
INSERT INTO jyadmin.tb_category (id, name, code, intro, create_by, update_by, create_time, update_time, deleted) VALUES ('1513082119969062913', 't4', 't4', 't4', null, null, '2022-04-10 17:11:04', '2022-04-10 17:14:28', 1);
INSERT INTO jyadmin.tb_category (id, name, code, intro, create_by, update_by, create_time, update_time, deleted) VALUES ('1513082543916728322', 't5Update', 't5Update', 't5', null, null, '2022-04-10 17:12:45', '2022-04-10 17:12:45', 0);
INSERT INTO jyadmin.tb_category (id, name, code, intro, create_by, update_by, create_time, update_time, deleted) VALUES ('1513082627630841857', 't6', 't6', 't6', null, null, '2022-04-10 17:13:05', '2022-04-10 17:13:05', 0);
INSERT INTO jyadmin.tb_category (id, name, code, intro, create_by, update_by, create_time, update_time, deleted) VALUES ('1513082669716488193', 't7', 't7', 't7', null, null, '2022-04-10 17:13:15', '2022-04-10 17:13:15', 0);
INSERT INTO jyadmin.tb_category (id, name, code, intro, create_by, update_by, create_time, update_time, deleted) VALUES ('1513082711743414273', 't8', 't8', 't8', null, null, '2022-04-10 17:13:25', '2022-04-10 17:13:25', 0);
INSERT INTO jyadmin.tb_category (id, name, code, intro, create_by, update_by, create_time, update_time, deleted) VALUES ('1513082757096423425', 't9', 't9', 't9', null, null, '2022-04-10 17:13:36', '2022-04-10 17:13:36', 0);
INSERT INTO jyadmin.tb_category (id, name, code, intro, create_by, update_by, create_time, update_time, deleted) VALUES ('1513082803216990210', 't10', 't10', 't10', null, null, '2022-04-10 17:13:47', '2022-04-10 17:13:47', 0);
INSERT INTO jyadmin.tb_category (id, name, code, intro, create_by, update_by, create_time, update_time, deleted) VALUES ('1513082840743428097', 't11', 't11', 't11', null, null, '2022-04-10 17:13:56', '2022-04-10 17:13:56', 0);

create table tb_tag
(
    id          varchar(100)  not null comment 'ID'
        primary key,
    name        varchar(50)   null comment '标签名称',
    code        varchar(200)  null comment '标签编码',
    intro       varchar(200)  null comment '简介',
    create_by   varchar(100)  null comment '创建人',
    update_by   varchar(100)  null comment '更新人',
    create_time datetime      null comment '创建时间',
    update_time datetime      null comment '更新时间',
    deleted     int default 0 null comment '是否删除'
)
    comment '博客标签表';

INSERT INTO jyadmin.tb_tag (id, name, code, intro, create_by, update_by, create_time, update_time, deleted) VALUES ('1', '1', '1', '1', null, null, null, '2022-04-10 00:43:30', 1);
INSERT INTO jyadmin.tb_tag (id, name, code, intro, create_by, update_by, create_time, update_time, deleted) VALUES ('1512805455523495938', 'tag1', 'tag1', 'tag1', null, null, '2022-04-09 22:51:42', '2022-04-10 00:24:31', 0);
INSERT INTO jyadmin.tb_tag (id, name, code, intro, create_by, update_by, create_time, update_time, deleted) VALUES ('1512806273526022146', 'tag2', 'tag2', 'tag2', null, null, '2022-04-09 22:54:57', '2022-04-10 00:25:09', 0);
INSERT INTO jyadmin.tb_tag (id, name, code, intro, create_by, update_by, create_time, update_time, deleted) VALUES ('1512807209132638210', 'Tag3', 'Tag3', 'Tag3', null, null, '2022-04-09 22:58:40', '2022-04-10 00:25:09', 0);
INSERT INTO jyadmin.tb_tag (id, name, code, intro, create_by, update_by, create_time, update_time, deleted) VALUES ('1512810075780038657', 'tag4update', 'tag4update', 'tag4update', null, null, '2022-04-09 23:10:03', '2022-04-10 00:25:09', 0);
INSERT INTO jyadmin.tb_tag (id, name, code, intro, create_by, update_by, create_time, update_time, deleted) VALUES ('1512813679496675329', 'tag5Update', 'tag5', 'tag5', null, null, '2022-04-09 23:24:23', '2022-04-10 00:25:09', 0);
INSERT INTO jyadmin.tb_tag (id, name, code, intro, create_by, update_by, create_time, update_time, deleted) VALUES ('1512830100528185346', 'tag6', 'tag6', 'tag6', null, null, '2022-04-10 00:29:38', '2022-04-10 00:29:38', 0);
INSERT INTO jyadmin.tb_tag (id, name, code, intro, create_by, update_by, create_time, update_time, deleted) VALUES ('1512830138293698562', 'tag7', 'tag7', 'tag7', null, null, '2022-04-10 00:29:47', '2022-04-10 00:29:47', 0);
INSERT INTO jyadmin.tb_tag (id, name, code, intro, create_by, update_by, create_time, update_time, deleted) VALUES ('1512830174024974337', 'tag8', 'tag8', 'tag8', null, null, '2022-04-10 00:29:55', '2022-04-10 00:29:55', 0);
INSERT INTO jyadmin.tb_tag (id, name, code, intro, create_by, update_by, create_time, update_time, deleted) VALUES ('1512830207717818370', 'tag9', 'tag9', 'tag9', null, null, '2022-04-10 00:30:03', '2022-04-10 00:30:03', 0);
INSERT INTO jyadmin.tb_tag (id, name, code, intro, create_by, update_by, create_time, update_time, deleted) VALUES ('1512830248108965890', 'tag10', 'tag10', 'tag10', null, null, '2022-04-10 00:30:13', '2022-04-10 00:30:13', 0);

create table tr_permission_menu_action
(
    id          varchar(100) not null comment 'ID'
        primary key,
    menu_id     varchar(100) null comment '权限菜单ID',
    action_id   varchar(100) null comment '权限动作ID',
    create_by   varchar(100) null comment '创建人',
    create_time datetime     null comment '创建时间'
)
    comment '系统权限菜单动作中间表';

INSERT INTO jyadmin.tr_permission_menu_action (id, menu_id, action_id, create_by, create_time) VALUES ('1519244656943079425', '1515700496634007554', '1518604712956497921', null, '2022-04-27 17:18:47');
INSERT INTO jyadmin.tr_permission_menu_action (id, menu_id, action_id, create_by, create_time) VALUES ('1519244657005993986', '1515700496634007554', '1518603932098727938', null, '2022-04-27 17:18:47');
INSERT INTO jyadmin.tr_permission_menu_action (id, menu_id, action_id, create_by, create_time) VALUES ('1519244657005993987', '1515700496634007554', '1518604225955860481', null, '2022-04-27 17:18:47');
INSERT INTO jyadmin.tr_permission_menu_action (id, menu_id, action_id, create_by, create_time) VALUES ('1519244657005993988', '1515700496634007554', '1518604352233771009', null, '2022-04-27 17:18:47');
INSERT INTO jyadmin.tr_permission_menu_action (id, menu_id, action_id, create_by, create_time) VALUES ('1519245149148848130', '1514874625767833602', '1518604712956497921', null, '2022-04-27 17:20:44');
INSERT INTO jyadmin.tr_permission_menu_action (id, menu_id, action_id, create_by, create_time) VALUES ('1519245149215956994', '1514874625767833602', '1518603932098727938', null, '2022-04-27 17:20:44');
INSERT INTO jyadmin.tr_permission_menu_action (id, menu_id, action_id, create_by, create_time) VALUES ('1519245149215956995', '1514874625767833602', '1518604225955860481', null, '2022-04-27 17:20:44');
INSERT INTO jyadmin.tr_permission_menu_action (id, menu_id, action_id, create_by, create_time) VALUES ('1519245149215956996', '1514874625767833602', '1518604352233771009', null, '2022-04-27 17:20:44');

create table tr_permission_role_menu
(
    id          varchar(100) not null comment 'ID'
        primary key,
    role_id     varchar(100) null comment '角色ID',
    menu_id     varchar(100) null comment '权限菜单ID',
    create_by   varchar(100) null comment '创建人',
    create_time datetime     null comment '创建时间'
)
    comment '系统角色权限中间表';

INSERT INTO jyadmin.tr_permission_role_menu (id, role_id, menu_id, create_by, create_time) VALUES ('1520816844603256833', '1520035400603684866', '1520813369899216897', '1514872619925831681', '2022-05-02 01:26:06');
INSERT INTO jyadmin.tr_permission_role_menu (id, role_id, menu_id, create_by, create_time) VALUES ('1520816844926218242', '1520035400603684866', '1520693870025895938', '1514872619925831681', '2022-05-02 01:26:06');
INSERT INTO jyadmin.tr_permission_role_menu (id, role_id, menu_id, create_by, create_time) VALUES ('1525181317556215809', '1514875416360583170', '1520813369899216897', '1514872619925831681', '2022-05-14 02:28:57');
INSERT INTO jyadmin.tr_permission_role_menu (id, role_id, menu_id, create_by, create_time) VALUES ('1525181317887565825', '1514875416360583170', '1525107490386210817', '1514872619925831681', '2022-05-14 02:28:57');
INSERT INTO jyadmin.tr_permission_role_menu (id, role_id, menu_id, create_by, create_time) VALUES ('1525181317887565826', '1514875416360583170', '1520820333265940481', '1514872619925831681', '2022-05-14 02:28:57');
INSERT INTO jyadmin.tr_permission_role_menu (id, role_id, menu_id, create_by, create_time) VALUES ('1525181317887565827', '1514875416360583170', '1520820825446543361', '1514872619925831681', '2022-05-14 02:28:57');
INSERT INTO jyadmin.tr_permission_role_menu (id, role_id, menu_id, create_by, create_time) VALUES ('1525181317887565828', '1514875416360583170', '1520819578043756546', '1514872619925831681', '2022-05-14 02:28:57');
INSERT INTO jyadmin.tr_permission_role_menu (id, role_id, menu_id, create_by, create_time) VALUES ('1525181317954674690', '1514875416360583170', '1520815855234052098', '1514872619925831681', '2022-05-14 02:28:57');
INSERT INTO jyadmin.tr_permission_role_menu (id, role_id, menu_id, create_by, create_time) VALUES ('1525181317954674691', '1514875416360583170', '1525105047124439042', '1514872619925831681', '2022-05-14 02:28:57');
INSERT INTO jyadmin.tr_permission_role_menu (id, role_id, menu_id, create_by, create_time) VALUES ('1525181317954674692', '1514875416360583170', '1520813688804732930', '1514872619925831681', '2022-05-14 02:28:57');
INSERT INTO jyadmin.tr_permission_role_menu (id, role_id, menu_id, create_by, create_time) VALUES ('1525181317954674693', '1514875416360583170', '1520820172129169409', '1514872619925831681', '2022-05-14 02:28:57');
INSERT INTO jyadmin.tr_permission_role_menu (id, role_id, menu_id, create_by, create_time) VALUES ('1525181317954674694', '1514875416360583170', '1520820480808972290', '1514872619925831681', '2022-05-14 02:28:57');
INSERT INTO jyadmin.tr_permission_role_menu (id, role_id, menu_id, create_by, create_time) VALUES ('1525181317954674695', '1514875416360583170', '1520814060239712257', '1514872619925831681', '2022-05-14 02:28:57');
INSERT INTO jyadmin.tr_permission_role_menu (id, role_id, menu_id, create_by, create_time) VALUES ('1525181317954674696', '1514875416360583170', '1520816529883656193', '1514872619925831681', '2022-05-14 02:28:57');
INSERT INTO jyadmin.tr_permission_role_menu (id, role_id, menu_id, create_by, create_time) VALUES ('1525181317954674697', '1514875416360583170', '1525106900620931073', '1514872619925831681', '2022-05-14 02:28:57');
INSERT INTO jyadmin.tr_permission_role_menu (id, role_id, menu_id, create_by, create_time) VALUES ('1525181317954674698', '1514875416360583170', '1525181254071230465', '1514872619925831681', '2022-05-14 02:28:57');
INSERT INTO jyadmin.tr_permission_role_menu (id, role_id, menu_id, create_by, create_time) VALUES ('1525181317954674699', '1514875416360583170', '1520693870025895938', '1514872619925831681', '2022-05-14 02:28:57');

create table tr_user_role
(
    id          varchar(100) not null comment 'ID'
        primary key,
    user_id     varchar(100) null comment '用户ID',
    role_id     varchar(100) null comment '角色ID',
    create_by   varchar(100) null comment '创建人',
    create_time datetime     null comment '创建时间'
)
    comment '系统用户角色中间表';

INSERT INTO jyadmin.tr_user_role (id, user_id, role_id, create_by, create_time) VALUES ('1514896296998404097', '1514872619925831681', '1514875416360583170', null, '2022-04-15 17:19:57');
INSERT INTO jyadmin.tr_user_role (id, user_id, role_id, create_by, create_time) VALUES ('1520816802433724417', '1516428874412486658', '1520035400603684866', '1514872619925831681', '2022-05-02 01:25:56');
